cwe_id,ano,cves_count,cwe_nome_curto,cwe_label,is_top10
CWE-1,2016,2,CWE-1,CWE-1,False
CWE-1004,2019,2,CWE-1004,CWE-1004,False
CWE-1004,2020,2,CWE-1004,CWE-1004,False
CWE-1004,2021,4,CWE-1004,CWE-1004,False
CWE-1004,2022,5,CWE-1004,CWE-1004,False
CWE-1004,2023,3,CWE-1004,CWE-1004,False
CWE-1004,2024,3,CWE-1004,CWE-1004,False
CWE-1004,2025,11,CWE-1004,CWE-1004,False
CWE-1007,2021,1,CWE-1007,CWE-1007,False
CWE-1007,2025,2,CWE-1007,CWE-1007,False
CWE-1018,2023,1,CWE-1018,CWE-1018,False
CWE-1018,2025,1,CWE-1018,CWE-1018,False
CWE-102,2022,1,CWE-102,CWE-102,False
CWE-1021,2005,1,CWE-1021,CWE-1021,False
CWE-1021,2008,1,CWE-1021,CWE-1021,False
CWE-1021,2011,1,CWE-1021,CWE-1021,False
CWE-1021,2013,5,CWE-1021,CWE-1021,False
CWE-1021,2014,2,CWE-1021,CWE-1021,False
CWE-1021,2015,2,CWE-1021,CWE-1021,False
CWE-1021,2016,2,CWE-1021,CWE-1021,False
CWE-1021,2017,9,CWE-1021,CWE-1021,False
CWE-1021,2018,15,CWE-1021,CWE-1021,False
CWE-1021,2019,27,CWE-1021,CWE-1021,False
CWE-1021,2020,43,CWE-1021,CWE-1021,False
CWE-1021,2021,76,CWE-1021,CWE-1021,False
CWE-1021,2022,54,CWE-1021,CWE-1021,False
CWE-1021,2023,33,CWE-1021,CWE-1021,False
CWE-1021,2024,40,CWE-1021,CWE-1021,False
CWE-1021,2025,50,CWE-1021,CWE-1021,False
CWE-1022,2018,2,CWE-1022,CWE-1022,False
CWE-1022,2020,1,CWE-1022,CWE-1022,False
CWE-1022,2021,2,CWE-1022,CWE-1022,False
CWE-1022,2022,3,CWE-1022,CWE-1022,False
CWE-1022,2024,1,CWE-1022,CWE-1022,False
CWE-1022,2025,3,CWE-1022,CWE-1022,False
CWE-1023,2021,1,CWE-1023,CWE-1023,False
CWE-1023,2024,1,CWE-1023,CWE-1023,False
CWE-1023,2025,3,CWE-1023,CWE-1023,False
CWE-1024,2019,1,CWE-1024,CWE-1024,False
CWE-1024,2020,1,CWE-1024,CWE-1024,False
CWE-1025,2024,1,CWE-1025,CWE-1025,False
CWE-1025,2025,5,CWE-1025,CWE-1025,False
CWE-1026,2022,1,CWE-1026,CWE-1026,False
CWE-1027,2021,1,CWE-1027,CWE-1027,False
CWE-1032,2025,3,CWE-1032,CWE-1032,False
CWE-1037,2024,2,CWE-1037,CWE-1037,False
CWE-1037,2025,3,CWE-1037,CWE-1037,False
CWE-1038,2022,2,CWE-1038,CWE-1038,False
CWE-1038,2023,3,CWE-1038,CWE-1038,False
CWE-1038,2025,1,CWE-1038,CWE-1038,False
CWE-1039,2023,1,CWE-1039,CWE-1039,False
CWE-1039,2025,2,CWE-1039,CWE-1039,False
CWE-1049,2019,1,CWE-1049,CWE-1049,False
CWE-1049,2023,1,CWE-1049,CWE-1049,False
CWE-1049,2025,1,CWE-1049,CWE-1049,False
CWE-1050,2019,1,CWE-1050,CWE-1050,False
CWE-1050,2021,1,CWE-1050,CWE-1050,False
CWE-1050,2023,1,CWE-1050,CWE-1050,False
CWE-1050,2024,1,CWE-1050,CWE-1050,False
CWE-1050,2025,3,CWE-1050,CWE-1050,False
CWE-1051,2024,1,CWE-1051,CWE-1051,False
CWE-1055,2024,1,CWE-1055,CWE-1055,False
CWE-1056,2020,1,CWE-1056,CWE-1056,False
CWE-1057,2024,1,CWE-1057,CWE-1057,False
CWE-1059,2022,1,CWE-1059,CWE-1059,False
CWE-1068,2024,2,CWE-1068,CWE-1068,False
CWE-1068,2025,1,CWE-1068,CWE-1068,False
CWE-1076,2021,1,CWE-1076,CWE-1076,False
CWE-1076,2023,1,CWE-1076,CWE-1076,False
CWE-1077,2022,1,CWE-1077,CWE-1077,False
CWE-1077,2023,3,CWE-1077,CWE-1077,False
CWE-1078,2024,1,CWE-1078,CWE-1078,False
CWE-1083,2022,1,CWE-1083,CWE-1083,False
CWE-1088,2020,1,CWE-1088,CWE-1088,False
CWE-1088,2024,3,CWE-1088,CWE-1088,False
CWE-1088,2025,1,CWE-1088,CWE-1088,False
CWE-11,2021,1,CWE-11,CWE-11,False
CWE-11,2024,1,CWE-11,CWE-11,False
CWE-1100,2024,1,CWE-1100,CWE-1100,False
CWE-1100,2025,1,CWE-1100,CWE-1100,False
CWE-1102,2025,1,CWE-1102,CWE-1102,False
CWE-1103,2020,1,CWE-1103,CWE-1103,False
CWE-1103,2023,1,CWE-1103,CWE-1103,False
CWE-1104,2021,1,CWE-1104,CWE-1104,False
CWE-1104,2022,1,CWE-1104,CWE-1104,False
CWE-1104,2023,1,CWE-1104,CWE-1104,False
CWE-1104,2024,4,CWE-1104,CWE-1104,False
CWE-1104,2025,9,CWE-1104,CWE-1104,False
CWE-1106,2024,1,CWE-1106,CWE-1106,False
CWE-1107,2024,2,CWE-1107,CWE-1107,False
CWE-1108,2022,1,CWE-1108,CWE-1108,False
CWE-1108,2024,1,CWE-1108,CWE-1108,False
CWE-111,2016,1,CWE-111,CWE-111,False
CWE-111,2018,1,CWE-111,CWE-111,False
CWE-1112,2023,1,CWE-1112,CWE-1112,False
CWE-1112,2025,1,CWE-1112,CWE-1112,False
CWE-1116,2022,2,CWE-1116,CWE-1116,False
CWE-1116,2025,2,CWE-1116,CWE-1116,False
CWE-1118,2022,1,CWE-1118,CWE-1118,False
CWE-112,2020,2,CWE-112,CWE-112,False
CWE-112,2021,2,CWE-112,CWE-112,False
CWE-112,2022,1,CWE-112,CWE-112,False
CWE-112,2023,1,CWE-112,CWE-112,False
CWE-1125,2022,2,CWE-1125,CWE-1125,False
CWE-1125,2023,2,CWE-1125,CWE-1125,False
CWE-113,2007,1,CWE-113,CWE-113,False
CWE-113,2015,2,CWE-113,CWE-113,False
CWE-113,2016,5,CWE-113,CWE-113,False
CWE-113,2017,6,CWE-113,CWE-113,False
CWE-113,2018,9,CWE-113,CWE-113,False
CWE-113,2019,3,CWE-113,CWE-113,False
CWE-113,2020,5,CWE-113,CWE-113,False
CWE-113,2021,2,CWE-113,CWE-113,False
CWE-113,2022,7,CWE-113,CWE-113,False
CWE-113,2023,9,CWE-113,CWE-113,False
CWE-113,2024,8,CWE-113,CWE-113,False
CWE-113,2025,11,CWE-113,CWE-113,False
CWE-114,2019,3,CWE-114,CWE-114,False
CWE-114,2020,5,CWE-114,CWE-114,False
CWE-114,2021,1,CWE-114,CWE-114,False
CWE-114,2022,1,CWE-114,CWE-114,False
CWE-114,2023,2,CWE-114,CWE-114,False
CWE-114,2024,6,CWE-114,CWE-114,False
CWE-114,2025,6,CWE-114,CWE-114,False
CWE-115,2018,3,CWE-115,CWE-115,False
CWE-115,2020,4,CWE-115,CWE-115,False
CWE-115,2021,3,CWE-115,CWE-115,False
CWE-115,2022,4,CWE-115,CWE-115,False
CWE-115,2023,3,CWE-115,CWE-115,False
CWE-115,2024,1,CWE-115,CWE-115,False
CWE-115,2025,8,CWE-115,CWE-115,False
CWE-116,2009,1,CWE-116,CWE-116,False
CWE-116,2013,2,CWE-116,CWE-116,False
CWE-116,2014,1,CWE-116,CWE-116,False
CWE-116,2015,2,CWE-116,CWE-116,False
CWE-116,2016,2,CWE-116,CWE-116,False
CWE-116,2017,4,CWE-116,CWE-116,False
CWE-116,2018,10,CWE-116,CWE-116,False
CWE-116,2019,21,CWE-116,CWE-116,False
CWE-116,2020,24,CWE-116,CWE-116,False
CWE-116,2021,46,CWE-116,CWE-116,False
CWE-116,2022,57,CWE-116,CWE-116,False
CWE-116,2023,59,CWE-116,CWE-116,False
CWE-116,2024,63,CWE-116,CWE-116,False
CWE-116,2025,55,CWE-116,CWE-116,False
CWE-1164,2025,1,CWE-1164,CWE-1164,False
CWE-117,2015,1,CWE-117,CWE-117,False
CWE-117,2018,1,CWE-117,CWE-117,False
CWE-117,2019,5,CWE-117,CWE-117,False
CWE-117,2020,4,CWE-117,CWE-117,False
CWE-117,2021,5,CWE-117,CWE-117,False
CWE-117,2022,3,CWE-117,CWE-117,False
CWE-117,2023,18,CWE-117,CWE-117,False
CWE-117,2024,25,CWE-117,CWE-117,False
CWE-117,2025,23,CWE-117,CWE-117,False
CWE-1173,2020,1,CWE-1173,CWE-1173,False
CWE-1173,2022,1,CWE-1173,CWE-1173,False
CWE-1173,2023,2,CWE-1173,CWE-1173,False
CWE-1173,2025,2,CWE-1173,CWE-1173,False
CWE-1174,2023,1,CWE-1174,CWE-1174,False
CWE-1176,2024,1,CWE-1176,CWE-1176,False
CWE-1176,2025,1,CWE-1176,CWE-1176,False
CWE-118,2014,1,CWE-118,CWE-118,False
CWE-118,2015,6,CWE-118,CWE-118,False
CWE-118,2016,1,CWE-118,CWE-118,False
CWE-118,2017,3,CWE-118,CWE-118,False
CWE-118,2018,1,CWE-118,CWE-118,False
CWE-118,2019,1,CWE-118,CWE-118,False
CWE-118,2020,2,CWE-118,CWE-118,False
CWE-118,2022,2,CWE-118,CWE-118,False
CWE-118,2023,4,CWE-118,CWE-118,False
CWE-118,2024,1,CWE-118,CWE-118,False
CWE-118,2025,2,CWE-118,CWE-118,False
CWE-1187,2017,2,CWE-1187,CWE-1187,False
CWE-1187,2019,1,CWE-1187,CWE-1187,False
CWE-1188,2008,1,CWE-1188,CWE-1188,False
CWE-1188,2010,1,CWE-1188,CWE-1188,False
CWE-1188,2014,1,CWE-1188,CWE-1188,False
CWE-1188,2017,20,CWE-1188,CWE-1188,False
CWE-1188,2018,22,CWE-1188,CWE-1188,False
CWE-1188,2019,29,CWE-1188,CWE-1188,False
CWE-1188,2020,27,CWE-1188,CWE-1188,False
CWE-1188,2021,20,CWE-1188,CWE-1188,False
CWE-1188,2022,24,CWE-1188,CWE-1188,False
CWE-1188,2023,14,CWE-1188,CWE-1188,False
CWE-1188,2024,29,CWE-1188,CWE-1188,False
CWE-1188,2025,44,CWE-1188,CWE-1188,False
CWE-1189,2023,3,CWE-1189,CWE-1189,False
CWE-119,1999,7,Buffer Overflow,CWE-119 - Buffer Overflow,True
CWE-119,2000,1,Buffer Overflow,CWE-119 - Buffer Overflow,True
CWE-119,2001,10,Buffer Overflow,CWE-119 - Buffer Overflow,True
CWE-119,2002,42,Buffer Overflow,CWE-119 - Buffer Overflow,True
CWE-119,2003,55,Buffer Overflow,CWE-119 - Buffer Overflow,True
CWE-119,2004,26,Buffer Overflow,CWE-119 - Buffer Overflow,True
CWE-119,2005,69,Buffer Overflow,CWE-119 - Buffer Overflow,True
CWE-119,2006,151,Buffer Overflow,CWE-119 - Buffer Overflow,True
CWE-119,2007,484,Buffer Overflow,CWE-119 - Buffer Overflow,True
CWE-119,2008,576,Buffer Overflow,CWE-119 - Buffer Overflow,True
CWE-119,2009,550,Buffer Overflow,CWE-119 - Buffer Overflow,True
CWE-119,2010,521,Buffer Overflow,CWE-119 - Buffer Overflow,True
CWE-119,2011,638,Buffer Overflow,CWE-119 - Buffer Overflow,True
CWE-119,2012,659,Buffer Overflow,CWE-119 - Buffer Overflow,True
CWE-119,2013,750,Buffer Overflow,CWE-119 - Buffer Overflow,True
CWE-119,2014,825,Buffer Overflow,CWE-119 - Buffer Overflow,True
CWE-119,2015,1087,Buffer Overflow,CWE-119 - Buffer Overflow,True
CWE-119,2016,1257,Buffer Overflow,CWE-119 - Buffer Overflow,True
CWE-119,2017,2004,Buffer Overflow,CWE-119 - Buffer Overflow,True
CWE-119,2018,840,Buffer Overflow,CWE-119 - Buffer Overflow,True
CWE-119,2019,252,Buffer Overflow,CWE-119 - Buffer Overflow,True
CWE-119,2020,195,Buffer Overflow,CWE-119 - Buffer Overflow,True
CWE-119,2021,363,Buffer Overflow,CWE-119 - Buffer Overflow,True
CWE-119,2022,286,Buffer Overflow,CWE-119 - Buffer Overflow,True
CWE-119,2023,245,Buffer Overflow,CWE-119 - Buffer Overflow,True
CWE-119,2024,214,Buffer Overflow,CWE-119 - Buffer Overflow,True
CWE-119,2025,1122,Buffer Overflow,CWE-119 - Buffer Overflow,True
CWE-1190,2022,1,CWE-1190,CWE-1190,False
CWE-1191,2020,1,CWE-1191,CWE-1191,False
CWE-1191,2022,1,CWE-1191,CWE-1191,False
CWE-1191,2023,1,CWE-1191,CWE-1191,False
CWE-1191,2024,3,CWE-1191,CWE-1191,False
CWE-1191,2025,12,CWE-1191,CWE-1191,False
CWE-12,2020,1,CWE-12,CWE-12,False
CWE-120,1999,2,Classic Buffer Overflow,CWE-120 - Classic Buffer Overflow,False
CWE-120,2000,5,Classic Buffer Overflow,CWE-120 - Classic Buffer Overflow,False
CWE-120,2001,3,Classic Buffer Overflow,CWE-120 - Classic Buffer Overflow,False
CWE-120,2002,4,Classic Buffer Overflow,CWE-120 - Classic Buffer Overflow,False
CWE-120,2003,6,Classic Buffer Overflow,CWE-120 - Classic Buffer Overflow,False
CWE-120,2004,3,Classic Buffer Overflow,CWE-120 - Classic Buffer Overflow,False
CWE-120,2005,1,Classic Buffer Overflow,CWE-120 - Classic Buffer Overflow,False
CWE-120,2006,6,Classic Buffer Overflow,CWE-120 - Classic Buffer Overflow,False
CWE-120,2007,6,Classic Buffer Overflow,CWE-120 - Classic Buffer Overflow,False
CWE-120,2008,6,Classic Buffer Overflow,CWE-120 - Classic Buffer Overflow,False
CWE-120,2009,8,Classic Buffer Overflow,CWE-120 - Classic Buffer Overflow,False
CWE-120,2010,16,Classic Buffer Overflow,CWE-120 - Classic Buffer Overflow,False
CWE-120,2011,20,Classic Buffer Overflow,CWE-120 - Classic Buffer Overflow,False
CWE-120,2012,6,Classic Buffer Overflow,CWE-120 - Classic Buffer Overflow,False
CWE-120,2013,15,Classic Buffer Overflow,CWE-120 - Classic Buffer Overflow,False
CWE-120,2014,12,Classic Buffer Overflow,CWE-120 - Classic Buffer Overflow,False
CWE-120,2015,26,Classic Buffer Overflow,CWE-120 - Classic Buffer Overflow,False
CWE-120,2016,21,Classic Buffer Overflow,CWE-120 - Classic Buffer Overflow,False
CWE-120,2017,80,Classic Buffer Overflow,CWE-120 - Classic Buffer Overflow,False
CWE-120,2018,78,Classic Buffer Overflow,CWE-120 - Classic Buffer Overflow,False
CWE-120,2019,196,Classic Buffer Overflow,CWE-120 - Classic Buffer Overflow,False
CWE-120,2020,355,Classic Buffer Overflow,CWE-120 - Classic Buffer Overflow,False
CWE-120,2021,440,Classic Buffer Overflow,CWE-120 - Classic Buffer Overflow,False
CWE-120,2022,518,Classic Buffer Overflow,CWE-120 - Classic Buffer Overflow,False
CWE-120,2023,527,Classic Buffer Overflow,CWE-120 - Classic Buffer Overflow,False
CWE-120,2024,635,Classic Buffer Overflow,CWE-120 - Classic Buffer Overflow,False
CWE-120,2025,702,Classic Buffer Overflow,CWE-120 - Classic Buffer Overflow,False
CWE-1204,2022,1,CWE-1204,CWE-1204,False
CWE-1204,2023,1,CWE-1204,CWE-1204,False
CWE-1204,2025,1,CWE-1204,CWE-1204,False
CWE-121,2008,2,Stack-based Buffer Overflow,CWE-121 - Stack-based Buffer Overflow,False
CWE-121,2009,9,Stack-based Buffer Overflow,CWE-121 - Stack-based Buffer Overflow,False
CWE-121,2010,19,Stack-based Buffer Overflow,CWE-121 - Stack-based Buffer Overflow,False
CWE-121,2011,10,Stack-based Buffer Overflow,CWE-121 - Stack-based Buffer Overflow,False
CWE-121,2012,9,Stack-based Buffer Overflow,CWE-121 - Stack-based Buffer Overflow,False
CWE-121,2013,6,Stack-based Buffer Overflow,CWE-121 - Stack-based Buffer Overflow,False
CWE-121,2014,22,Stack-based Buffer Overflow,CWE-121 - Stack-based Buffer Overflow,False
CWE-121,2015,2,Stack-based Buffer Overflow,CWE-121 - Stack-based Buffer Overflow,False
CWE-121,2016,2,Stack-based Buffer Overflow,CWE-121 - Stack-based Buffer Overflow,False
CWE-121,2017,109,Stack-based Buffer Overflow,CWE-121 - Stack-based Buffer Overflow,False
CWE-121,2018,55,Stack-based Buffer Overflow,CWE-121 - Stack-based Buffer Overflow,False
CWE-121,2019,51,Stack-based Buffer Overflow,CWE-121 - Stack-based Buffer Overflow,False
CWE-121,2020,81,Stack-based Buffer Overflow,CWE-121 - Stack-based Buffer Overflow,False
CWE-121,2021,225,Stack-based Buffer Overflow,CWE-121 - Stack-based Buffer Overflow,False
CWE-121,2022,161,Stack-based Buffer Overflow,CWE-121 - Stack-based Buffer Overflow,False
CWE-121,2023,447,Stack-based Buffer Overflow,CWE-121 - Stack-based Buffer Overflow,False
CWE-121,2024,712,Stack-based Buffer Overflow,CWE-121 - Stack-based Buffer Overflow,False
CWE-121,2025,765,Stack-based Buffer Overflow,CWE-121 - Stack-based Buffer Overflow,False
CWE-1218,2022,1,CWE-1218,CWE-1218,False
CWE-122,2013,3,Heap-based Buffer Overflow,CWE-122 - Heap-based Buffer Overflow,False
CWE-122,2014,4,Heap-based Buffer Overflow,CWE-122 - Heap-based Buffer Overflow,False
CWE-122,2015,2,Heap-based Buffer Overflow,CWE-122 - Heap-based Buffer Overflow,False
CWE-122,2016,10,Heap-based Buffer Overflow,CWE-122 - Heap-based Buffer Overflow,False
CWE-122,2017,11,Heap-based Buffer Overflow,CWE-122 - Heap-based Buffer Overflow,False
CWE-122,2018,38,Heap-based Buffer Overflow,CWE-122 - Heap-based Buffer Overflow,False
CWE-122,2019,65,Heap-based Buffer Overflow,CWE-122 - Heap-based Buffer Overflow,False
CWE-122,2020,83,Heap-based Buffer Overflow,CWE-122 - Heap-based Buffer Overflow,False
CWE-122,2021,140,Heap-based Buffer Overflow,CWE-122 - Heap-based Buffer Overflow,False
CWE-122,2022,179,Heap-based Buffer Overflow,CWE-122 - Heap-based Buffer Overflow,False
CWE-122,2023,298,Heap-based Buffer Overflow,CWE-122 - Heap-based Buffer Overflow,False
CWE-122,2024,479,Heap-based Buffer Overflow,CWE-122 - Heap-based Buffer Overflow,False
CWE-122,2025,517,Heap-based Buffer Overflow,CWE-122 - Heap-based Buffer Overflow,False
CWE-1220,2021,1,CWE-1220,CWE-1220,False
CWE-1220,2022,6,CWE-1220,CWE-1220,False
CWE-1220,2023,16,CWE-1220,CWE-1220,False
CWE-1220,2024,22,CWE-1220,CWE-1220,False
CWE-1220,2025,21,CWE-1220,CWE-1220,False
CWE-1221,2022,2,CWE-1221,CWE-1221,False
CWE-1222,2025,1,CWE-1222,CWE-1222,False
CWE-1223,2024,1,CWE-1223,CWE-1223,False
CWE-1223,2025,1,CWE-1223,CWE-1223,False
CWE-1224,2022,1,CWE-1224,CWE-1224,False
CWE-123,2014,1,CWE-123,CWE-123,False
CWE-123,2015,1,CWE-123,CWE-123,False
CWE-123,2017,2,CWE-123,CWE-123,False
CWE-123,2018,5,CWE-123,CWE-123,False
CWE-123,2020,3,CWE-123,CWE-123,False
CWE-123,2021,7,CWE-123,CWE-123,False
CWE-123,2022,7,CWE-123,CWE-123,False
CWE-123,2024,11,CWE-123,CWE-123,False
CWE-123,2025,6,CWE-123,CWE-123,False
CWE-1230,2023,4,CWE-1230,CWE-1230,False
CWE-1230,2024,7,CWE-1230,CWE-1230,False
CWE-1230,2025,8,CWE-1230,CWE-1230,False
CWE-1231,2022,1,CWE-1231,CWE-1231,False
CWE-1231,2024,1,CWE-1231,CWE-1231,False
CWE-1233,2022,1,CWE-1233,CWE-1233,False
CWE-1233,2025,3,CWE-1233,CWE-1233,False
CWE-1234,2023,2,CWE-1234,CWE-1234,False
CWE-1236,2018,24,CWE-1236,CWE-1236,False
CWE-1236,2019,25,CWE-1236,CWE-1236,False
CWE-1236,2020,39,CWE-1236,CWE-1236,False
CWE-1236,2021,30,CWE-1236,CWE-1236,False
CWE-1236,2022,57,CWE-1236,CWE-1236,False
CWE-1236,2023,51,CWE-1236,CWE-1236,False
CWE-1236,2024,21,CWE-1236,CWE-1236,False
CWE-1236,2025,27,CWE-1236,CWE-1236,False
CWE-124,2015,1,CWE-124,CWE-124,False
CWE-124,2018,2,CWE-124,CWE-124,False
CWE-124,2020,1,CWE-124,CWE-124,False
CWE-124,2021,3,CWE-124,CWE-124,False
CWE-124,2022,2,CWE-124,CWE-124,False
CWE-124,2023,5,CWE-124,CWE-124,False
CWE-124,2024,1,CWE-124,CWE-124,False
CWE-124,2025,10,CWE-124,CWE-124,False
CWE-1240,2023,1,CWE-1240,CWE-1240,False
CWE-1240,2024,3,CWE-1240,CWE-1240,False
CWE-1240,2025,7,CWE-1240,CWE-1240,False
CWE-1241,2016,1,CWE-1241,CWE-1241,False
CWE-1241,2021,2,CWE-1241,CWE-1241,False
CWE-1241,2023,1,CWE-1241,CWE-1241,False
CWE-1242,2017,1,CWE-1242,CWE-1242,False
CWE-1242,2021,1,CWE-1242,CWE-1242,False
CWE-1242,2024,4,CWE-1242,CWE-1242,False
CWE-1242,2025,4,CWE-1242,CWE-1242,False
CWE-1244,2020,1,CWE-1244,CWE-1244,False
CWE-1244,2022,1,CWE-1244,CWE-1244,False
CWE-1244,2024,1,CWE-1244,CWE-1244,False
CWE-1244,2025,7,CWE-1244,CWE-1244,False
CWE-1245,2024,4,CWE-1245,CWE-1245,False
CWE-1246,2023,1,CWE-1246,CWE-1246,False
CWE-1246,2024,1,CWE-1246,CWE-1246,False
CWE-1247,2022,1,CWE-1247,CWE-1247,False
CWE-1247,2024,1,CWE-1247,CWE-1247,False
CWE-1247,2025,1,CWE-1247,CWE-1247,False
CWE-125,2004,6,Out-of-bounds Read,CWE-125 - Out-of-bounds Read,True
CWE-125,2006,2,Out-of-bounds Read,CWE-125 - Out-of-bounds Read,True
CWE-125,2007,1,Out-of-bounds Read,CWE-125 - Out-of-bounds Read,True
CWE-125,2009,1,Out-of-bounds Read,CWE-125 - Out-of-bounds Read,True
CWE-125,2010,1,Out-of-bounds Read,CWE-125 - Out-of-bounds Read,True
CWE-125,2011,36,Out-of-bounds Read,CWE-125 - Out-of-bounds Read,True
CWE-125,2012,8,Out-of-bounds Read,CWE-125 - Out-of-bounds Read,True
CWE-125,2013,8,Out-of-bounds Read,CWE-125 - Out-of-bounds Read,True
CWE-125,2014,30,Out-of-bounds Read,CWE-125 - Out-of-bounds Read,True
CWE-125,2015,33,Out-of-bounds Read,CWE-125 - Out-of-bounds Read,True
CWE-125,2016,200,Out-of-bounds Read,CWE-125 - Out-of-bounds Read,True
CWE-125,2017,707,Out-of-bounds Read,CWE-125 - Out-of-bounds Read,True
CWE-125,2018,845,Out-of-bounds Read,CWE-125 - Out-of-bounds Read,True
CWE-125,2019,819,Out-of-bounds Read,CWE-125 - Out-of-bounds Read,True
CWE-125,2020,801,Out-of-bounds Read,CWE-125 - Out-of-bounds Read,True
CWE-125,2021,824,Out-of-bounds Read,CWE-125 - Out-of-bounds Read,True
CWE-125,2022,895,Out-of-bounds Read,CWE-125 - Out-of-bounds Read,True
CWE-125,2023,1011,Out-of-bounds Read,CWE-125 - Out-of-bounds Read,True
CWE-125,2024,992,Out-of-bounds Read,CWE-125 - Out-of-bounds Read,True
CWE-125,2025,810,Out-of-bounds Read,CWE-125 - Out-of-bounds Read,True
CWE-1250,2022,1,CWE-1250,CWE-1250,False
CWE-1250,2023,1,CWE-1250,CWE-1250,False
CWE-1250,2024,1,CWE-1250,CWE-1250,False
CWE-1250,2025,2,CWE-1250,CWE-1250,False
CWE-1251,2023,1,CWE-1251,CWE-1251,False
CWE-1251,2024,1,CWE-1251,CWE-1251,False
CWE-1253,2023,1,CWE-1253,CWE-1253,False
CWE-1254,2013,1,CWE-1254,CWE-1254,False
CWE-1254,2022,1,CWE-1254,CWE-1254,False
CWE-1255,2024,2,CWE-1255,CWE-1255,False
CWE-1255,2025,1,CWE-1255,CWE-1255,False
CWE-1256,2024,4,CWE-1256,CWE-1256,False
CWE-1257,2019,1,CWE-1257,CWE-1257,False
CWE-1257,2025,2,CWE-1257,CWE-1257,False
CWE-1258,2022,3,CWE-1258,CWE-1258,False
CWE-1258,2023,1,CWE-1258,CWE-1258,False
CWE-1258,2024,2,CWE-1258,CWE-1258,False
CWE-1258,2025,2,CWE-1258,CWE-1258,False
CWE-1259,2022,2,CWE-1259,CWE-1259,False
CWE-1259,2024,6,CWE-1259,CWE-1259,False
CWE-1259,2025,5,CWE-1259,CWE-1259,False
CWE-126,2017,3,CWE-126,CWE-126,False
CWE-126,2018,8,CWE-126,CWE-126,False
CWE-126,2019,4,CWE-126,CWE-126,False
CWE-126,2020,4,CWE-126,CWE-126,False
CWE-126,2021,16,CWE-126,CWE-126,False
CWE-126,2022,64,CWE-126,CWE-126,False
CWE-126,2023,104,CWE-126,CWE-126,False
CWE-126,2024,104,CWE-126,CWE-126,False
CWE-126,2025,90,CWE-126,CWE-126,False
CWE-1260,2019,1,CWE-1260,CWE-1260,False
CWE-1260,2022,1,CWE-1260,CWE-1260,False
CWE-1260,2024,1,CWE-1260,CWE-1260,False
CWE-1260,2025,2,CWE-1260,CWE-1260,False
CWE-1262,2022,1,CWE-1262,CWE-1262,False
CWE-1262,2023,1,CWE-1262,CWE-1262,False
CWE-1262,2024,3,CWE-1262,CWE-1262,False
CWE-1262,2025,2,CWE-1262,CWE-1262,False
CWE-1263,2022,4,CWE-1263,CWE-1263,False
CWE-1263,2023,1,CWE-1263,CWE-1263,False
CWE-1263,2024,4,CWE-1263,CWE-1263,False
CWE-1263,2025,3,CWE-1263,CWE-1263,False
CWE-1264,2022,1,CWE-1264,CWE-1264,False
CWE-1264,2024,1,CWE-1264,CWE-1264,False
CWE-1265,2023,1,CWE-1265,CWE-1265,False
CWE-1269,2023,1,CWE-1269,CWE-1269,False
CWE-1269,2024,1,CWE-1269,CWE-1269,False
CWE-127,2020,2,CWE-127,CWE-127,False
CWE-127,2024,2,CWE-127,CWE-127,False
CWE-127,2025,2,CWE-127,CWE-127,False
CWE-1270,2022,1,CWE-1270,CWE-1270,False
CWE-1270,2023,4,CWE-1270,CWE-1270,False
CWE-1270,2025,1,CWE-1270,CWE-1270,False
CWE-1272,2020,1,CWE-1272,CWE-1272,False
CWE-1272,2023,1,CWE-1272,CWE-1272,False
CWE-1274,2022,2,CWE-1274,CWE-1274,False
CWE-1274,2023,1,CWE-1274,CWE-1274,False
CWE-1274,2025,3,CWE-1274,CWE-1274,False
CWE-1275,2022,1,CWE-1275,CWE-1275,False
CWE-1275,2023,1,CWE-1275,CWE-1275,False
CWE-1275,2024,4,CWE-1275,CWE-1275,False
CWE-1275,2025,3,CWE-1275,CWE-1275,False
CWE-1278,2021,1,CWE-1278,CWE-1278,False
CWE-1279,2023,1,CWE-1279,CWE-1279,False
CWE-1279,2024,1,CWE-1279,CWE-1279,False
CWE-1279,2025,1,CWE-1279,CWE-1279,False
CWE-128,2022,1,CWE-128,CWE-128,False
CWE-128,2024,1,CWE-128,CWE-128,False
CWE-1281,2023,2,CWE-1281,CWE-1281,False
CWE-1281,2024,1,CWE-1281,CWE-1281,False
CWE-1281,2025,2,CWE-1281,CWE-1281,False
CWE-1282,2022,1,CWE-1282,CWE-1282,False
CWE-1283,2022,1,CWE-1283,CWE-1283,False
CWE-1283,2023,1,CWE-1283,CWE-1283,False
CWE-1283,2024,1,CWE-1283,CWE-1283,False
CWE-1284,2008,2,CWE-1284,CWE-1284,False
CWE-1284,2009,1,CWE-1284,CWE-1284,False
CWE-1284,2010,1,CWE-1284,CWE-1284,False
CWE-1284,2013,1,CWE-1284,CWE-1284,False
CWE-1284,2020,1,CWE-1284,CWE-1284,False
CWE-1284,2021,31,CWE-1284,CWE-1284,False
CWE-1284,2022,70,CWE-1284,CWE-1284,False
CWE-1284,2023,39,CWE-1284,CWE-1284,False
CWE-1284,2024,43,CWE-1284,CWE-1284,False
CWE-1284,2025,47,CWE-1284,CWE-1284,False
CWE-1285,2020,1,CWE-1285,CWE-1285,False
CWE-1285,2022,4,CWE-1285,CWE-1285,False
CWE-1285,2023,5,CWE-1285,CWE-1285,False
CWE-1285,2024,10,CWE-1285,CWE-1285,False
CWE-1285,2025,17,CWE-1285,CWE-1285,False
CWE-1286,2020,1,CWE-1286,CWE-1286,False
CWE-1286,2021,4,CWE-1286,CWE-1286,False
CWE-1286,2022,3,CWE-1286,CWE-1286,False
CWE-1286,2023,9,CWE-1286,CWE-1286,False
CWE-1286,2024,17,CWE-1286,CWE-1286,False
CWE-1286,2025,20,CWE-1286,CWE-1286,False
CWE-1287,2021,5,CWE-1287,CWE-1287,False
CWE-1287,2022,6,CWE-1287,CWE-1287,False
CWE-1287,2023,12,CWE-1287,CWE-1287,False
CWE-1287,2024,29,CWE-1287,CWE-1287,False
CWE-1287,2025,57,CWE-1287,CWE-1287,False
CWE-1288,2021,1,CWE-1288,CWE-1288,False
CWE-1288,2022,1,CWE-1288,CWE-1288,False
CWE-1288,2023,4,CWE-1288,CWE-1288,False
CWE-1288,2024,9,CWE-1288,CWE-1288,False
CWE-1288,2025,4,CWE-1288,CWE-1288,False
CWE-1289,2022,1,CWE-1289,CWE-1289,False
CWE-1289,2024,6,CWE-1289,CWE-1289,False
CWE-129,2003,1,CWE-129,CWE-129,False
CWE-129,2005,1,CWE-129,CWE-129,False
CWE-129,2007,1,CWE-129,CWE-129,False
CWE-129,2009,1,CWE-129,CWE-129,False
CWE-129,2010,1,CWE-129,CWE-129,False
CWE-129,2011,1,CWE-129,CWE-129,False
CWE-129,2013,1,CWE-129,CWE-129,False
CWE-129,2014,7,CWE-129,CWE-129,False
CWE-129,2015,2,CWE-129,CWE-129,False
CWE-129,2016,6,CWE-129,CWE-129,False
CWE-129,2017,23,CWE-129,CWE-129,False
CWE-129,2018,35,CWE-129,CWE-129,False
CWE-129,2019,41,CWE-129,CWE-129,False
CWE-129,2020,99,CWE-129,CWE-129,False
CWE-129,2021,33,CWE-129,CWE-129,False
CWE-129,2022,50,CWE-129,CWE-129,False
CWE-129,2023,66,CWE-129,CWE-129,False
CWE-129,2024,103,CWE-129,CWE-129,False
CWE-129,2025,45,CWE-129,CWE-129,False
CWE-1291,2022,1,CWE-1291,CWE-1291,False
CWE-1295,2021,2,CWE-1295,CWE-1295,False
CWE-1295,2022,2,CWE-1295,CWE-1295,False
CWE-1295,2023,3,CWE-1295,CWE-1295,False
CWE-1295,2024,4,CWE-1295,CWE-1295,False
CWE-1295,2025,8,CWE-1295,CWE-1295,False
CWE-1298,2023,2,CWE-1298,CWE-1298,False
CWE-1299,2021,1,CWE-1299,CWE-1299,False
CWE-1299,2022,1,CWE-1299,CWE-1299,False
CWE-1299,2023,2,CWE-1299,CWE-1299,False
CWE-1299,2024,2,CWE-1299,CWE-1299,False
CWE-1299,2025,3,CWE-1299,CWE-1299,False
CWE-130,2018,1,CWE-130,CWE-130,False
CWE-130,2019,2,CWE-130,CWE-130,False
CWE-130,2020,3,CWE-130,CWE-130,False
CWE-130,2021,13,CWE-130,CWE-130,False
CWE-130,2022,13,CWE-130,CWE-130,False
CWE-130,2023,7,CWE-130,CWE-130,False
CWE-130,2024,17,CWE-130,CWE-130,False
CWE-130,2025,13,CWE-130,CWE-130,False
CWE-1300,2023,1,CWE-1300,CWE-1300,False
CWE-1300,2025,4,CWE-1300,CWE-1300,False
CWE-1301,2025,1,CWE-1301,CWE-1301,False
CWE-1303,2023,3,CWE-1303,CWE-1303,False
CWE-1304,2024,1,CWE-1304,CWE-1304,False
CWE-131,2001,3,CWE-131,CWE-131,False
CWE-131,2002,2,CWE-131,CWE-131,False
CWE-131,2003,1,CWE-131,CWE-131,False
CWE-131,2004,4,CWE-131,CWE-131,False
CWE-131,2005,3,CWE-131,CWE-131,False
CWE-131,2008,1,CWE-131,CWE-131,False
CWE-131,2014,1,CWE-131,CWE-131,False
CWE-131,2017,7,CWE-131,CWE-131,False
CWE-131,2018,3,CWE-131,CWE-131,False
CWE-131,2019,8,CWE-131,CWE-131,False
CWE-131,2020,16,CWE-131,CWE-131,False
CWE-131,2021,30,CWE-131,CWE-131,False
CWE-131,2022,22,CWE-131,CWE-131,False
CWE-131,2023,16,CWE-131,CWE-131,False
CWE-131,2024,19,CWE-131,CWE-131,False
CWE-131,2025,17,CWE-131,CWE-131,False
CWE-1310,2025,1,CWE-1310,CWE-1310,False
CWE-1313,2025,1,CWE-1313,CWE-1313,False
CWE-1319,2022,2,CWE-1319,CWE-1319,False
CWE-1319,2023,1,CWE-1319,CWE-1319,False
CWE-1319,2024,1,CWE-1319,CWE-1319,False
CWE-1319,2025,2,CWE-1319,CWE-1319,False
CWE-1320,2022,1,CWE-1320,CWE-1320,False
CWE-1320,2023,5,CWE-1320,CWE-1320,False
CWE-1321,2011,1,CWE-1321,CWE-1321,False
CWE-1321,2018,5,CWE-1321,CWE-1321,False
CWE-1321,2019,15,CWE-1321,CWE-1321,False
CWE-1321,2020,73,CWE-1321,CWE-1321,False
CWE-1321,2021,93,CWE-1321,CWE-1321,False
CWE-1321,2022,65,CWE-1321,CWE-1321,False
CWE-1321,2023,38,CWE-1321,CWE-1321,False
CWE-1321,2024,82,CWE-1321,CWE-1321,False
CWE-1321,2025,51,CWE-1321,CWE-1321,False
CWE-1323,2024,2,CWE-1323,CWE-1323,False
CWE-1325,2021,1,CWE-1325,CWE-1325,False
CWE-1325,2023,3,CWE-1325,CWE-1325,False
CWE-1325,2024,3,CWE-1325,CWE-1325,False
CWE-1325,2025,2,CWE-1325,CWE-1325,False
CWE-1326,2022,1,CWE-1326,CWE-1326,False
CWE-1326,2024,3,CWE-1326,CWE-1326,False
CWE-1326,2025,5,CWE-1326,CWE-1326,False
CWE-1327,2022,1,CWE-1327,CWE-1327,False
CWE-1327,2023,3,CWE-1327,CWE-1327,False
CWE-1327,2024,5,CWE-1327,CWE-1327,False
CWE-1327,2025,4,CWE-1327,CWE-1327,False
CWE-1328,2023,1,CWE-1328,CWE-1328,False
CWE-1328,2024,1,CWE-1328,CWE-1328,False
CWE-1328,2025,3,CWE-1328,CWE-1328,False
CWE-1329,2021,1,CWE-1329,CWE-1329,False
CWE-1329,2022,1,CWE-1329,CWE-1329,False
CWE-1332,2024,2,CWE-1332,CWE-1332,False
CWE-1332,2025,1,CWE-1332,CWE-1332,False
CWE-1333,2015,3,CWE-1333,CWE-1333,False
CWE-1333,2017,3,CWE-1333,CWE-1333,False
CWE-1333,2018,6,CWE-1333,CWE-1333,False
CWE-1333,2019,4,CWE-1333,CWE-1333,False
CWE-1333,2020,16,CWE-1333,CWE-1333,False
CWE-1333,2021,59,CWE-1333,CWE-1333,False
CWE-1333,2022,65,CWE-1333,CWE-1333,False
CWE-1333,2023,68,CWE-1333,CWE-1333,False
CWE-1333,2024,77,CWE-1333,CWE-1333,False
CWE-1333,2025,67,CWE-1333,CWE-1333,False
CWE-1334,2022,1,CWE-1334,CWE-1334,False
CWE-1335,2016,1,CWE-1335,CWE-1335,False
CWE-1335,2023,2,CWE-1335,CWE-1335,False
CWE-1335,2025,1,CWE-1335,CWE-1335,False
CWE-1336,2021,2,CWE-1336,CWE-1336,False
CWE-1336,2022,7,CWE-1336,CWE-1336,False
CWE-1336,2023,13,CWE-1336,CWE-1336,False
CWE-1336,2024,32,CWE-1336,CWE-1336,False
CWE-1336,2025,49,CWE-1336,CWE-1336,False
CWE-134,2002,1,CWE-134,CWE-134,False
CWE-134,2003,2,CWE-134,CWE-134,False
CWE-134,2004,5,CWE-134,CWE-134,False
CWE-134,2005,4,CWE-134,CWE-134,False
CWE-134,2006,17,CWE-134,CWE-134,False
CWE-134,2007,31,CWE-134,CWE-134,False
CWE-134,2008,33,CWE-134,CWE-134,False
CWE-134,2009,24,CWE-134,CWE-134,False
CWE-134,2010,14,CWE-134,CWE-134,False
CWE-134,2011,11,CWE-134,CWE-134,False
CWE-134,2012,13,CWE-134,CWE-134,False
CWE-134,2013,12,CWE-134,CWE-134,False
CWE-134,2014,6,CWE-134,CWE-134,False
CWE-134,2015,8,CWE-134,CWE-134,False
CWE-134,2016,7,CWE-134,CWE-134,False
CWE-134,2017,16,CWE-134,CWE-134,False
CWE-134,2018,21,CWE-134,CWE-134,False
CWE-134,2019,16,CWE-134,CWE-134,False
CWE-134,2020,14,CWE-134,CWE-134,False
CWE-134,2021,15,CWE-134,CWE-134,False
CWE-134,2022,32,CWE-134,CWE-134,False
CWE-134,2023,29,CWE-134,CWE-134,False
CWE-134,2024,21,CWE-134,CWE-134,False
CWE-134,2025,14,CWE-134,CWE-134,False
CWE-1342,2022,1,CWE-1342,CWE-1342,False
CWE-1342,2023,1,CWE-1342,CWE-1342,False
CWE-1352,2022,1,CWE-1352,CWE-1352,False
CWE-1357,2024,3,CWE-1357,CWE-1357,False
CWE-1357,2025,1,CWE-1357,CWE-1357,False
CWE-138,2016,1,CWE-138,CWE-138,False
CWE-138,2022,2,CWE-138,CWE-138,False
CWE-138,2023,3,CWE-138,CWE-138,False
CWE-138,2024,2,CWE-138,CWE-138,False
CWE-138,2025,2,CWE-138,CWE-138,False
CWE-1384,2024,1,CWE-1384,CWE-1384,False
CWE-1384,2025,1,CWE-1384,CWE-1384,False
CWE-1385,2014,1,CWE-1385,CWE-1385,False
CWE-1385,2023,8,CWE-1385,CWE-1385,False
CWE-1385,2024,4,CWE-1385,CWE-1385,False
CWE-1385,2025,7,CWE-1385,CWE-1385,False
CWE-1386,2022,1,CWE-1386,CWE-1386,False
CWE-1386,2023,10,CWE-1386,CWE-1386,False
CWE-1386,2024,2,CWE-1386,CWE-1386,False
CWE-1389,2024,2,CWE-1389,CWE-1389,False
CWE-1390,2022,2,CWE-1390,CWE-1390,False
CWE-1390,2023,6,CWE-1390,CWE-1390,False
CWE-1390,2024,24,CWE-1390,CWE-1390,False
CWE-1390,2025,27,CWE-1390,CWE-1390,False
CWE-1391,2022,1,CWE-1391,CWE-1391,False
CWE-1391,2023,5,CWE-1391,CWE-1391,False
CWE-1391,2024,18,CWE-1391,CWE-1391,False
CWE-1391,2025,14,CWE-1391,CWE-1391,False
CWE-1392,2018,1,CWE-1392,CWE-1392,False
CWE-1392,2021,1,CWE-1392,CWE-1392,False
CWE-1392,2022,1,CWE-1392,CWE-1392,False
CWE-1392,2023,6,CWE-1392,CWE-1392,False
CWE-1392,2024,26,CWE-1392,CWE-1392,False
CWE-1392,2025,40,CWE-1392,CWE-1392,False
CWE-1393,2022,1,CWE-1393,CWE-1393,False
CWE-1393,2023,6,CWE-1393,CWE-1393,False
CWE-1393,2024,10,CWE-1393,CWE-1393,False
CWE-1393,2025,12,CWE-1393,CWE-1393,False
CWE-1394,2023,1,CWE-1394,CWE-1394,False
CWE-1394,2024,5,CWE-1394,CWE-1394,False
CWE-1394,2025,6,CWE-1394,CWE-1394,False
CWE-14,2023,8,CWE-14,CWE-14,False
CWE-140,2023,4,CWE-140,CWE-140,False
CWE-140,2024,6,CWE-140,CWE-140,False
CWE-140,2025,4,CWE-140,CWE-140,False
CWE-141,2020,1,CWE-141,CWE-141,False
CWE-141,2022,3,CWE-141,CWE-141,False
CWE-141,2023,1,CWE-141,CWE-141,False
CWE-141,2024,1,CWE-141,CWE-141,False
CWE-141,2025,2,CWE-141,CWE-141,False
CWE-142,2025,2,CWE-142,CWE-142,False
CWE-143,2025,1,CWE-143,CWE-143,False
CWE-144,2023,1,CWE-144,CWE-144,False
CWE-144,2025,1,CWE-144,CWE-144,False
CWE-146,2022,1,CWE-146,CWE-146,False
CWE-146,2023,3,CWE-146,CWE-146,False
CWE-146,2024,2,CWE-146,CWE-146,False
CWE-146,2025,2,CWE-146,CWE-146,False
CWE-147,2023,1,CWE-147,CWE-147,False
CWE-147,2024,3,CWE-147,CWE-147,False
CWE-147,2025,1,CWE-147,CWE-147,False
CWE-148,2023,1,CWE-148,CWE-148,False
CWE-148,2024,1,CWE-148,CWE-148,False
CWE-149,2018,1,CWE-149,CWE-149,False
CWE-149,2023,1,CWE-149,CWE-149,False
CWE-149,2025,2,CWE-149,CWE-149,False
CWE-15,2021,4,CWE-15,CWE-15,False
CWE-15,2022,1,CWE-15,CWE-15,False
CWE-15,2023,9,CWE-15,CWE-15,False
CWE-15,2024,21,CWE-15,CWE-15,False
CWE-15,2025,9,CWE-15,CWE-15,False
CWE-150,2017,1,CWE-150,CWE-150,False
CWE-150,2020,1,CWE-150,CWE-150,False
CWE-150,2021,2,CWE-150,CWE-150,False
CWE-150,2022,1,CWE-150,CWE-150,False
CWE-150,2023,6,CWE-150,CWE-150,False
CWE-150,2024,13,CWE-150,CWE-150,False
CWE-150,2025,12,CWE-150,CWE-150,False
CWE-153,2025,4,CWE-153,CWE-153,False
CWE-154,2024,1,CWE-154,CWE-154,False
CWE-155,2019,1,CWE-155,CWE-155,False
CWE-155,2020,1,CWE-155,CWE-155,False
CWE-155,2022,1,CWE-155,CWE-155,False
CWE-155,2024,5,CWE-155,CWE-155,False
CWE-155,2025,6,CWE-155,CWE-155,False
CWE-156,2025,5,CWE-156,CWE-156,False
CWE-157,2025,1,CWE-157,CWE-157,False
CWE-158,2020,3,CWE-158,CWE-158,False
CWE-158,2022,3,CWE-158,CWE-158,False
CWE-158,2023,1,CWE-158,CWE-158,False
CWE-158,2024,3,CWE-158,CWE-158,False
CWE-158,2025,7,CWE-158,CWE-158,False
CWE-159,2019,1,CWE-159,CWE-159,False
CWE-159,2020,4,CWE-159,CWE-159,False
CWE-159,2021,2,CWE-159,CWE-159,False
CWE-159,2024,1,CWE-159,CWE-159,False
CWE-159,2025,2,CWE-159,CWE-159,False
CWE-16,1999,7,CWE-16,CWE-16,False
CWE-16,2000,1,CWE-16,CWE-16,False
CWE-16,2002,9,CWE-16,CWE-16,False
CWE-16,2003,12,CWE-16,CWE-16,False
CWE-16,2004,5,CWE-16,CWE-16,False
CWE-16,2005,3,CWE-16,CWE-16,False
CWE-16,2006,6,CWE-16,CWE-16,False
CWE-16,2007,37,CWE-16,CWE-16,False
CWE-16,2008,39,CWE-16,CWE-16,False
CWE-16,2009,42,CWE-16,CWE-16,False
CWE-16,2010,21,CWE-16,CWE-16,False
CWE-16,2011,30,CWE-16,CWE-16,False
CWE-16,2012,18,CWE-16,CWE-16,False
CWE-16,2013,17,CWE-16,CWE-16,False
CWE-16,2014,4,CWE-16,CWE-16,False
CWE-16,2015,1,CWE-16,CWE-16,False
CWE-16,2016,2,CWE-16,CWE-16,False
CWE-16,2017,4,CWE-16,CWE-16,False
CWE-16,2018,6,CWE-16,CWE-16,False
CWE-16,2019,18,CWE-16,CWE-16,False
CWE-16,2020,6,CWE-16,CWE-16,False
CWE-16,2021,7,CWE-16,CWE-16,False
CWE-16,2022,7,CWE-16,CWE-16,False
CWE-16,2023,6,CWE-16,CWE-16,False
CWE-16,2024,5,CWE-16,CWE-16,False
CWE-16,2025,2,CWE-16,CWE-16,False
CWE-164,2025,2,CWE-164,CWE-164,False
CWE-166,2024,1,CWE-166,CWE-166,False
CWE-167,2023,3,CWE-167,CWE-167,False
CWE-167,2025,2,CWE-167,CWE-167,False
CWE-168,2023,2,CWE-168,CWE-168,False
CWE-17,2005,2,CWE-17,CWE-17,False
CWE-17,2006,1,CWE-17,CWE-17,False
CWE-17,2010,1,CWE-17,CWE-17,False
CWE-17,2013,6,CWE-17,CWE-17,False
CWE-17,2014,33,CWE-17,CWE-17,False
CWE-17,2015,111,CWE-17,CWE-17,False
CWE-17,2016,10,CWE-17,CWE-17,False
CWE-17,2020,1,CWE-17,CWE-17,False
CWE-170,2019,3,CWE-170,CWE-170,False
CWE-170,2020,3,CWE-170,CWE-170,False
CWE-170,2021,11,CWE-170,CWE-170,False
CWE-170,2022,1,CWE-170,CWE-170,False
CWE-170,2023,6,CWE-170,CWE-170,False
CWE-170,2024,5,CWE-170,CWE-170,False
CWE-170,2025,5,CWE-170,CWE-170,False
CWE-172,2016,4,CWE-172,CWE-172,False
CWE-172,2018,4,CWE-172,CWE-172,False
CWE-172,2019,3,CWE-172,CWE-172,False
CWE-172,2021,1,CWE-172,CWE-172,False
CWE-172,2024,1,CWE-172,CWE-172,False
CWE-172,2025,2,CWE-172,CWE-172,False
CWE-173,2023,2,CWE-173,CWE-173,False
CWE-173,2024,1,CWE-173,CWE-173,False
CWE-176,2017,1,CWE-176,CWE-176,False
CWE-176,2020,1,CWE-176,CWE-176,False
CWE-176,2022,1,CWE-176,CWE-176,False
CWE-176,2023,4,CWE-176,CWE-176,False
CWE-176,2024,4,CWE-176,CWE-176,False
CWE-176,2025,2,CWE-176,CWE-176,False
CWE-177,2018,1,CWE-177,CWE-177,False
CWE-177,2022,2,CWE-177,CWE-177,False
CWE-177,2024,2,CWE-177,CWE-177,False
CWE-177,2025,1,CWE-177,CWE-177,False
CWE-178,2000,3,CWE-178,CWE-178,False
CWE-178,2001,3,CWE-178,CWE-178,False
CWE-178,2002,3,CWE-178,CWE-178,False
CWE-178,2003,1,CWE-178,CWE-178,False
CWE-178,2004,3,CWE-178,CWE-178,False
CWE-178,2005,1,CWE-178,CWE-178,False
CWE-178,2007,1,CWE-178,CWE-178,False
CWE-178,2017,1,CWE-178,CWE-178,False
CWE-178,2018,2,CWE-178,CWE-178,False
CWE-178,2019,1,CWE-178,CWE-178,False
CWE-178,2020,3,CWE-178,CWE-178,False
CWE-178,2021,8,CWE-178,CWE-178,False
CWE-178,2022,2,CWE-178,CWE-178,False
CWE-178,2023,3,CWE-178,CWE-178,False
CWE-178,2024,7,CWE-178,CWE-178,False
CWE-178,2025,7,CWE-178,CWE-178,False
CWE-179,2022,1,CWE-179,CWE-179,False
CWE-179,2024,1,CWE-179,CWE-179,False
CWE-179,2025,1,CWE-179,CWE-179,False
CWE-18,2014,1,CWE-18,CWE-18,False
CWE-18,2015,3,CWE-18,CWE-18,False
CWE-18,2016,1,CWE-18,CWE-18,False
CWE-18,2019,1,CWE-18,CWE-18,False
CWE-180,2022,2,CWE-180,CWE-180,False
CWE-180,2024,1,CWE-180,CWE-180,False
CWE-180,2025,3,CWE-180,CWE-180,False
CWE-182,2020,1,CWE-182,CWE-182,False
CWE-182,2024,1,CWE-182,CWE-182,False
CWE-183,2020,2,CWE-183,CWE-183,False
CWE-183,2021,2,CWE-183,CWE-183,False
CWE-183,2022,3,CWE-183,CWE-183,False
CWE-183,2023,2,CWE-183,CWE-183,False
CWE-183,2024,3,CWE-183,CWE-183,False
CWE-183,2025,3,CWE-183,CWE-183,False
CWE-184,2015,1,CWE-184,CWE-184,False
CWE-184,2016,2,CWE-184,CWE-184,False
CWE-184,2017,5,CWE-184,CWE-184,False
CWE-184,2018,4,CWE-184,CWE-184,False
CWE-184,2019,1,CWE-184,CWE-184,False
CWE-184,2020,3,CWE-184,CWE-184,False
CWE-184,2021,6,CWE-184,CWE-184,False
CWE-184,2022,7,CWE-184,CWE-184,False
CWE-184,2023,9,CWE-184,CWE-184,False
CWE-184,2024,10,CWE-184,CWE-184,False
CWE-184,2025,13,CWE-184,CWE-184,False
CWE-185,2015,2,CWE-185,CWE-185,False
CWE-185,2018,10,CWE-185,CWE-185,False
CWE-185,2019,2,CWE-185,CWE-185,False
CWE-185,2020,5,CWE-185,CWE-185,False
CWE-185,2021,1,CWE-185,CWE-185,False
CWE-185,2024,3,CWE-185,CWE-185,False
CWE-185,2025,2,CWE-185,CWE-185,False
CWE-186,2025,1,CWE-186,CWE-186,False
CWE-187,2022,1,CWE-187,CWE-187,False
CWE-187,2024,2,CWE-187,CWE-187,False
CWE-187,2025,1,CWE-187,CWE-187,False
CWE-189,2002,5,Numeric Errors,CWE-189 - Numeric Errors,False
CWE-189,2003,4,Numeric Errors,CWE-189 - Numeric Errors,False
CWE-189,2004,1,Numeric Errors,CWE-189 - Numeric Errors,False
CWE-189,2005,16,Numeric Errors,CWE-189 - Numeric Errors,False
CWE-189,2006,39,Numeric Errors,CWE-189 - Numeric Errors,False
CWE-189,2007,98,Numeric Errors,CWE-189 - Numeric Errors,False
CWE-189,2008,149,Numeric Errors,CWE-189 - Numeric Errors,False
CWE-189,2009,154,Numeric Errors,CWE-189 - Numeric Errors,False
CWE-189,2010,125,Numeric Errors,CWE-189 - Numeric Errors,False
CWE-189,2011,121,Numeric Errors,CWE-189 - Numeric Errors,False
CWE-189,2012,125,Numeric Errors,CWE-189 - Numeric Errors,False
CWE-189,2013,130,Numeric Errors,CWE-189 - Numeric Errors,False
CWE-189,2014,103,Numeric Errors,CWE-189 - Numeric Errors,False
CWE-189,2015,107,Numeric Errors,CWE-189 - Numeric Errors,False
CWE-189,2016,36,Numeric Errors,CWE-189 - Numeric Errors,False
CWE-189,2019,4,Numeric Errors,CWE-189 - Numeric Errors,False
CWE-189,2020,1,Numeric Errors,CWE-189 - Numeric Errors,False
CWE-189,2022,2,Numeric Errors,CWE-189 - Numeric Errors,False
CWE-189,2025,9,Numeric Errors,CWE-189 - Numeric Errors,False
CWE-19,1999,1,CWE-19,CWE-19,False
CWE-19,2005,1,CWE-19,CWE-19,False
CWE-19,2006,2,CWE-19,CWE-19,False
CWE-19,2007,1,CWE-19,CWE-19,False
CWE-19,2009,2,CWE-19,CWE-19,False
CWE-19,2010,1,CWE-19,CWE-19,False
CWE-19,2012,2,CWE-19,CWE-19,False
CWE-19,2013,2,CWE-19,CWE-19,False
CWE-19,2014,33,CWE-19,CWE-19,False
CWE-19,2015,69,CWE-19,CWE-19,False
CWE-19,2016,67,CWE-19,CWE-19,False
CWE-19,2017,1,CWE-19,CWE-19,False
CWE-19,2018,13,CWE-19,CWE-19,False
CWE-19,2019,32,CWE-19,CWE-19,False
CWE-19,2020,3,CWE-19,CWE-19,False
CWE-19,2021,1,CWE-19,CWE-19,False
CWE-19,2023,1,CWE-19,CWE-19,False
CWE-19,2025,1,CWE-19,CWE-19,False
CWE-190,2002,3,Integer Overflow,CWE-190 - Integer Overflow,False
CWE-190,2004,3,Integer Overflow,CWE-190 - Integer Overflow,False
CWE-190,2005,4,Integer Overflow,CWE-190 - Integer Overflow,False
CWE-190,2006,3,Integer Overflow,CWE-190 - Integer Overflow,False
CWE-190,2007,8,Integer Overflow,CWE-190 - Integer Overflow,False
CWE-190,2008,12,Integer Overflow,CWE-190 - Integer Overflow,False
CWE-190,2009,7,Integer Overflow,CWE-190 - Integer Overflow,False
CWE-190,2010,23,Integer Overflow,CWE-190 - Integer Overflow,False
CWE-190,2011,21,Integer Overflow,CWE-190 - Integer Overflow,False
CWE-190,2012,16,Integer Overflow,CWE-190 - Integer Overflow,False
CWE-190,2013,21,Integer Overflow,CWE-190 - Integer Overflow,False
CWE-190,2014,24,Integer Overflow,CWE-190 - Integer Overflow,False
CWE-190,2015,46,Integer Overflow,CWE-190 - Integer Overflow,False
CWE-190,2016,140,Integer Overflow,CWE-190 - Integer Overflow,False
CWE-190,2017,225,Integer Overflow,CWE-190 - Integer Overflow,False
CWE-190,2018,666,Integer Overflow,CWE-190 - Integer Overflow,False
CWE-190,2019,213,Integer Overflow,CWE-190 - Integer Overflow,False
CWE-190,2020,202,Integer Overflow,CWE-190 - Integer Overflow,False
CWE-190,2021,277,Integer Overflow,CWE-190 - Integer Overflow,False
CWE-190,2022,254,Integer Overflow,CWE-190 - Integer Overflow,False
CWE-190,2023,266,Integer Overflow,CWE-190 - Integer Overflow,False
CWE-190,2024,247,Integer Overflow,CWE-190 - Integer Overflow,False
CWE-190,2025,201,Integer Overflow,CWE-190 - Integer Overflow,False
CWE-191,2004,3,CWE-191,CWE-191,False
CWE-191,2005,2,CWE-191,CWE-191,False
CWE-191,2007,1,CWE-191,CWE-191,False
CWE-191,2009,1,CWE-191,CWE-191,False
CWE-191,2010,3,CWE-191,CWE-191,False
CWE-191,2011,3,CWE-191,CWE-191,False
CWE-191,2013,2,CWE-191,CWE-191,False
CWE-191,2014,5,CWE-191,CWE-191,False
CWE-191,2015,8,CWE-191,CWE-191,False
CWE-191,2016,5,CWE-191,CWE-191,False
CWE-191,2017,15,CWE-191,CWE-191,False
CWE-191,2018,23,CWE-191,CWE-191,False
CWE-191,2019,26,CWE-191,CWE-191,False
CWE-191,2020,26,CWE-191,CWE-191,False
CWE-191,2021,34,CWE-191,CWE-191,False
CWE-191,2022,39,CWE-191,CWE-191,False
CWE-191,2023,53,CWE-191,CWE-191,False
CWE-191,2024,68,CWE-191,CWE-191,False
CWE-191,2025,58,CWE-191,CWE-191,False
CWE-192,2014,2,CWE-192,CWE-192,False
CWE-192,2021,1,CWE-192,CWE-192,False
CWE-192,2022,1,CWE-192,CWE-192,False
CWE-193,1999,1,CWE-193,CWE-193,False
CWE-193,2001,3,CWE-193,CWE-193,False
CWE-193,2002,6,CWE-193,CWE-193,False
CWE-193,2003,4,CWE-193,CWE-193,False
CWE-193,2004,3,CWE-193,CWE-193,False
CWE-193,2005,1,CWE-193,CWE-193,False
CWE-193,2006,1,CWE-193,CWE-193,False
CWE-193,2007,1,CWE-193,CWE-193,False
CWE-193,2008,2,CWE-193,CWE-193,False
CWE-193,2009,1,CWE-193,CWE-193,False
CWE-193,2010,4,CWE-193,CWE-193,False
CWE-193,2011,3,CWE-193,CWE-193,False
CWE-193,2013,1,CWE-193,CWE-193,False
CWE-193,2014,2,CWE-193,CWE-193,False
CWE-193,2015,2,CWE-193,CWE-193,False
CWE-193,2016,1,CWE-193,CWE-193,False
CWE-193,2017,4,CWE-193,CWE-193,False
CWE-193,2018,7,CWE-193,CWE-193,False
CWE-193,2019,13,CWE-193,CWE-193,False
CWE-193,2020,13,CWE-193,CWE-193,False
CWE-193,2021,12,CWE-193,CWE-193,False
CWE-193,2022,19,CWE-193,CWE-193,False
CWE-193,2023,14,CWE-193,CWE-193,False
CWE-193,2024,27,CWE-193,CWE-193,False
CWE-193,2025,13,CWE-193,CWE-193,False
CWE-194,2018,1,CWE-194,CWE-194,False
CWE-194,2020,1,CWE-194,CWE-194,False
CWE-194,2021,1,CWE-194,CWE-194,False
CWE-194,2022,1,CWE-194,CWE-194,False
CWE-194,2025,1,CWE-194,CWE-194,False
CWE-195,2011,1,CWE-195,CWE-195,False
CWE-195,2016,1,CWE-195,CWE-195,False
CWE-195,2020,2,CWE-195,CWE-195,False
CWE-195,2022,1,CWE-195,CWE-195,False
CWE-195,2023,4,CWE-195,CWE-195,False
CWE-195,2024,1,CWE-195,CWE-195,False
CWE-195,2025,6,CWE-195,CWE-195,False
CWE-196,2020,2,CWE-196,CWE-196,False
CWE-196,2022,1,CWE-196,CWE-196,False
CWE-196,2023,1,CWE-196,CWE-196,False
CWE-197,2020,1,CWE-197,CWE-197,False
CWE-197,2022,4,CWE-197,CWE-197,False
CWE-197,2023,4,CWE-197,CWE-197,False
CWE-197,2024,24,CWE-197,CWE-197,False
CWE-197,2025,4,CWE-197,CWE-197,False
CWE-198,2025,1,CWE-198,CWE-198,False
CWE-199,2014,2,CWE-199,CWE-199,False
CWE-199,2015,1,CWE-199,CWE-199,False
CWE-199,2016,3,CWE-199,CWE-199,False
CWE-199,2024,1,CWE-199,CWE-199,False
CWE-199,2025,1,CWE-199,CWE-199,False
CWE-20,1999,8,Improper Input Validation,CWE-20 - Improper Input Validation,True
CWE-20,2000,3,Improper Input Validation,CWE-20 - Improper Input Validation,True
CWE-20,2001,5,Improper Input Validation,CWE-20 - Improper Input Validation,True
CWE-20,2002,32,Improper Input Validation,CWE-20 - Improper Input Validation,True
CWE-20,2003,32,Improper Input Validation,CWE-20 - Improper Input Validation,True
CWE-20,2004,16,Improper Input Validation,CWE-20 - Improper Input Validation,True
CWE-20,2005,29,Improper Input Validation,CWE-20 - Improper Input Validation,True
CWE-20,2006,70,Improper Input Validation,CWE-20 - Improper Input Validation,True
CWE-20,2007,241,Improper Input Validation,CWE-20 - Improper Input Validation,True
CWE-20,2008,467,Improper Input Validation,CWE-20 - Improper Input Validation,True
CWE-20,2009,242,Improper Input Validation,CWE-20 - Improper Input Validation,True
CWE-20,2010,320,Improper Input Validation,CWE-20 - Improper Input Validation,True
CWE-20,2011,426,Improper Input Validation,CWE-20 - Improper Input Validation,True
CWE-20,2012,388,Improper Input Validation,CWE-20 - Improper Input Validation,True
CWE-20,2013,549,Improper Input Validation,CWE-20 - Improper Input Validation,True
CWE-20,2014,529,Improper Input Validation,CWE-20 - Improper Input Validation,True
CWE-20,2015,554,Improper Input Validation,CWE-20 - Improper Input Validation,True
CWE-20,2016,699,Improper Input Validation,CWE-20 - Improper Input Validation,True
CWE-20,2017,1108,Improper Input Validation,CWE-20 - Improper Input Validation,True
CWE-20,2018,1104,Improper Input Validation,CWE-20 - Improper Input Validation,True
CWE-20,2019,581,Improper Input Validation,CWE-20 - Improper Input Validation,True
CWE-20,2020,758,Improper Input Validation,CWE-20 - Improper Input Validation,True
CWE-20,2021,817,Improper Input Validation,CWE-20 - Improper Input Validation,True
CWE-20,2022,645,Improper Input Validation,CWE-20 - Improper Input Validation,True
CWE-20,2023,796,Improper Input Validation,CWE-20 - Improper Input Validation,True
CWE-20,2024,644,Improper Input Validation,CWE-20 - Improper Input Validation,True
CWE-20,2025,590,Improper Input Validation,CWE-20 - Improper Input Validation,True
CWE-200,1999,8,Information Exposure,CWE-200 - Information Exposure,True
CWE-200,2000,5,Information Exposure,CWE-200 - Information Exposure,True
CWE-200,2002,20,Information Exposure,CWE-200 - Information Exposure,True
CWE-200,2003,27,Information Exposure,CWE-200 - Information Exposure,True
CWE-200,2004,5,Information Exposure,CWE-200 - Information Exposure,True
CWE-200,2005,20,Information Exposure,CWE-200 - Information Exposure,True
CWE-200,2006,35,Information Exposure,CWE-200 - Information Exposure,True
CWE-200,2007,106,Information Exposure,CWE-200 - Information Exposure,True
CWE-200,2008,218,Information Exposure,CWE-200 - Information Exposure,True
CWE-200,2009,144,Information Exposure,CWE-200 - Information Exposure,True
CWE-200,2010,170,Information Exposure,CWE-200 - Information Exposure,True
CWE-200,2011,343,Information Exposure,CWE-200 - Information Exposure,True
CWE-200,2012,253,Information Exposure,CWE-200 - Information Exposure,True
CWE-200,2013,300,Information Exposure,CWE-200 - Information Exposure,True
CWE-200,2014,455,Information Exposure,CWE-200 - Information Exposure,True
CWE-200,2015,751,Information Exposure,CWE-200 - Information Exposure,True
CWE-200,2016,956,Information Exposure,CWE-200 - Information Exposure,True
CWE-200,2017,1231,Information Exposure,CWE-200 - Information Exposure,True
CWE-200,2018,893,Information Exposure,CWE-200 - Information Exposure,True
CWE-200,2019,324,Information Exposure,CWE-200 - Information Exposure,True
CWE-200,2020,243,Information Exposure,CWE-200 - Information Exposure,True
CWE-200,2021,374,Information Exposure,CWE-200 - Information Exposure,True
CWE-200,2022,504,Information Exposure,CWE-200 - Information Exposure,True
CWE-200,2023,571,Information Exposure,CWE-200 - Information Exposure,True
CWE-200,2024,808,Information Exposure,CWE-200 - Information Exposure,True
CWE-200,2025,704,Information Exposure,CWE-200 - Information Exposure,True
CWE-201,2016,2,CWE-201,CWE-201,False
CWE-201,2017,2,CWE-201,CWE-201,False
CWE-201,2018,1,CWE-201,CWE-201,False
CWE-201,2019,2,CWE-201,CWE-201,False
CWE-201,2020,14,CWE-201,CWE-201,False
CWE-201,2021,7,CWE-201,CWE-201,False
CWE-201,2022,6,CWE-201,CWE-201,False
CWE-201,2023,20,CWE-201,CWE-201,False
CWE-201,2024,49,CWE-201,CWE-201,False
CWE-201,2025,128,CWE-201,CWE-201,False
CWE-202,2019,2,CWE-202,CWE-202,False
CWE-202,2021,4,CWE-202,CWE-202,False
CWE-202,2022,3,CWE-202,CWE-202,False
CWE-202,2023,4,CWE-202,CWE-202,False
CWE-202,2024,8,CWE-202,CWE-202,False
CWE-202,2025,7,CWE-202,CWE-202,False
CWE-203,2000,1,CWE-203,CWE-203,False
CWE-203,2001,3,CWE-203,CWE-203,False
CWE-203,2002,4,CWE-203,CWE-203,False
CWE-203,2003,3,CWE-203,CWE-203,False
CWE-203,2004,7,CWE-203,CWE-203,False
CWE-203,2005,2,CWE-203,CWE-203,False
CWE-203,2010,1,CWE-203,CWE-203,False
CWE-203,2013,3,CWE-203,CWE-203,False
CWE-203,2014,2,CWE-203,CWE-203,False
CWE-203,2015,2,CWE-203,CWE-203,False
CWE-203,2016,5,CWE-203,CWE-203,False
CWE-203,2017,14,CWE-203,CWE-203,False
CWE-203,2018,17,CWE-203,CWE-203,False
CWE-203,2019,62,CWE-203,CWE-203,False
CWE-203,2020,75,CWE-203,CWE-203,False
CWE-203,2021,108,CWE-203,CWE-203,False
CWE-203,2022,99,CWE-203,CWE-203,False
CWE-203,2023,132,CWE-203,CWE-203,False
CWE-203,2024,109,CWE-203,CWE-203,False
CWE-203,2025,54,CWE-203,CWE-203,False
CWE-204,2016,1,CWE-204,CWE-204,False
CWE-204,2019,1,CWE-204,CWE-204,False
CWE-204,2020,1,CWE-204,CWE-204,False
CWE-204,2021,7,CWE-204,CWE-204,False
CWE-204,2022,8,CWE-204,CWE-204,False
CWE-204,2023,24,CWE-204,CWE-204,False
CWE-204,2024,29,CWE-204,CWE-204,False
CWE-204,2025,44,CWE-204,CWE-204,False
CWE-205,2017,1,CWE-205,CWE-205,False
CWE-205,2024,1,CWE-205,CWE-205,False
CWE-207,2025,1,CWE-207,CWE-207,False
CWE-208,2010,1,CWE-208,CWE-208,False
CWE-208,2013,1,CWE-208,CWE-208,False
CWE-208,2014,2,CWE-208,CWE-208,False
CWE-208,2016,2,CWE-208,CWE-208,False
CWE-208,2019,3,CWE-208,CWE-208,False
CWE-208,2020,5,CWE-208,CWE-208,False
CWE-208,2021,11,CWE-208,CWE-208,False
CWE-208,2022,7,CWE-208,CWE-208,False
CWE-208,2023,10,CWE-208,CWE-208,False
CWE-208,2024,27,CWE-208,CWE-208,False
CWE-208,2025,20,CWE-208,CWE-208,False
CWE-209,2000,1,CWE-209,CWE-209,False
CWE-209,2010,1,CWE-209,CWE-209,False
CWE-209,2012,1,CWE-209,CWE-209,False
CWE-209,2013,2,CWE-209,CWE-209,False
CWE-209,2014,1,CWE-209,CWE-209,False
CWE-209,2015,1,CWE-209,CWE-209,False
CWE-209,2016,1,CWE-209,CWE-209,False
CWE-209,2017,7,CWE-209,CWE-209,False
CWE-209,2018,15,CWE-209,CWE-209,False
CWE-209,2019,51,CWE-209,CWE-209,False
CWE-209,2020,61,CWE-209,CWE-209,False
CWE-209,2021,74,CWE-209,CWE-209,False
CWE-209,2022,45,CWE-209,CWE-209,False
CWE-209,2023,77,CWE-209,CWE-209,False
CWE-209,2024,94,CWE-209,CWE-209,False
CWE-209,2025,61,CWE-209,CWE-209,False
CWE-21,2014,1,CWE-21,CWE-21,False
CWE-21,2015,1,CWE-21,CWE-21,False
CWE-21,2016,2,CWE-21,CWE-21,False
CWE-21,2019,1,CWE-21,CWE-21,False
CWE-21,2024,1,CWE-21,CWE-21,False
CWE-210,2018,1,CWE-210,CWE-210,False
CWE-210,2021,1,CWE-210,CWE-210,False
CWE-210,2023,1,CWE-210,CWE-210,False
CWE-212,2002,1,CWE-212,CWE-212,False
CWE-212,2005,1,CWE-212,CWE-212,False
CWE-212,2017,1,CWE-212,CWE-212,False
CWE-212,2018,3,CWE-212,CWE-212,False
CWE-212,2019,4,CWE-212,CWE-212,False
CWE-212,2020,15,CWE-212,CWE-212,False
CWE-212,2021,12,CWE-212,CWE-212,False
CWE-212,2022,24,CWE-212,CWE-212,False
CWE-212,2023,6,CWE-212,CWE-212,False
CWE-212,2024,10,CWE-212,CWE-212,False
CWE-212,2025,18,CWE-212,CWE-212,False
CWE-213,2017,1,CWE-213,CWE-213,False
CWE-213,2019,3,CWE-213,CWE-213,False
CWE-213,2020,1,CWE-213,CWE-213,False
CWE-213,2022,9,CWE-213,CWE-213,False
CWE-213,2023,6,CWE-213,CWE-213,False
CWE-213,2024,4,CWE-213,CWE-213,False
CWE-213,2025,4,CWE-213,CWE-213,False
CWE-214,2018,2,CWE-214,CWE-214,False
CWE-214,2019,1,CWE-214,CWE-214,False
CWE-214,2020,3,CWE-214,CWE-214,False
CWE-214,2021,2,CWE-214,CWE-214,False
CWE-214,2024,4,CWE-214,CWE-214,False
CWE-214,2025,5,CWE-214,CWE-214,False
CWE-215,2018,2,CWE-215,CWE-215,False
CWE-215,2019,1,CWE-215,CWE-215,False
CWE-215,2022,1,CWE-215,CWE-215,False
CWE-215,2023,3,CWE-215,CWE-215,False
CWE-215,2024,2,CWE-215,CWE-215,False
CWE-215,2025,5,CWE-215,CWE-215,False
CWE-216,2019,3,CWE-216,CWE-216,False
CWE-216,2020,1,CWE-216,CWE-216,False
CWE-219,2002,1,CWE-219,CWE-219,False
CWE-219,2022,2,CWE-219,CWE-219,False
CWE-219,2023,1,CWE-219,CWE-219,False
CWE-219,2024,2,CWE-219,CWE-219,False
CWE-22,2001,6,Path Traversal,CWE-22 - Path Traversal,True
CWE-22,2002,14,Path Traversal,CWE-22 - Path Traversal,True
CWE-22,2003,18,Path Traversal,CWE-22 - Path Traversal,True
CWE-22,2004,14,Path Traversal,CWE-22 - Path Traversal,True
CWE-22,2005,16,Path Traversal,CWE-22 - Path Traversal,True
CWE-22,2006,27,Path Traversal,CWE-22 - Path Traversal,True
CWE-22,2007,170,Path Traversal,CWE-22 - Path Traversal,True
CWE-22,2008,453,Path Traversal,CWE-22 - Path Traversal,True
CWE-22,2009,250,Path Traversal,CWE-22 - Path Traversal,True
CWE-22,2010,274,Path Traversal,CWE-22 - Path Traversal,True
CWE-22,2011,115,Path Traversal,CWE-22 - Path Traversal,True
CWE-22,2012,126,Path Traversal,CWE-22 - Path Traversal,True
CWE-22,2013,148,Path Traversal,CWE-22 - Path Traversal,True
CWE-22,2014,214,Path Traversal,CWE-22 - Path Traversal,True
CWE-22,2015,191,Path Traversal,CWE-22 - Path Traversal,True
CWE-22,2016,133,Path Traversal,CWE-22 - Path Traversal,True
CWE-22,2017,375,Path Traversal,CWE-22 - Path Traversal,True
CWE-22,2018,441,Path Traversal,CWE-22 - Path Traversal,True
CWE-22,2019,413,Path Traversal,CWE-22 - Path Traversal,True
CWE-22,2020,510,Path Traversal,CWE-22 - Path Traversal,True
CWE-22,2021,571,Path Traversal,CWE-22 - Path Traversal,True
CWE-22,2022,729,Path Traversal,CWE-22 - Path Traversal,True
CWE-22,2023,780,Path Traversal,CWE-22 - Path Traversal,True
CWE-22,2024,1036,Path Traversal,CWE-22 - Path Traversal,True
CWE-22,2025,928,Path Traversal,CWE-22 - Path Traversal,True
CWE-223,2022,2,CWE-223,CWE-223,False
CWE-223,2023,3,CWE-223,CWE-223,False
CWE-223,2024,1,CWE-223,CWE-223,False
CWE-223,2025,1,CWE-223,CWE-223,False
CWE-226,2018,1,CWE-226,CWE-226,False
CWE-226,2019,1,CWE-226,CWE-226,False
CWE-226,2020,1,CWE-226,CWE-226,False
CWE-226,2022,1,CWE-226,CWE-226,False
CWE-226,2023,3,CWE-226,CWE-226,False
CWE-226,2024,4,CWE-226,CWE-226,False
CWE-226,2025,7,CWE-226,CWE-226,False
CWE-227,2023,1,CWE-227,CWE-227,False
CWE-227,2024,1,CWE-227,CWE-227,False
CWE-228,2018,1,CWE-228,CWE-228,False
CWE-228,2020,1,CWE-228,CWE-228,False
CWE-228,2021,2,CWE-228,CWE-228,False
CWE-228,2023,1,CWE-228,CWE-228,False
CWE-228,2024,5,CWE-228,CWE-228,False
CWE-228,2025,3,CWE-228,CWE-228,False
CWE-229,2022,5,CWE-229,CWE-229,False
CWE-229,2024,7,CWE-229,CWE-229,False
CWE-229,2025,1,CWE-229,CWE-229,False
CWE-23,2012,2,CWE-23,CWE-23,False
CWE-23,2016,1,CWE-23,CWE-23,False
CWE-23,2017,3,CWE-23,CWE-23,False
CWE-23,2018,7,CWE-23,CWE-23,False
CWE-23,2019,10,CWE-23,CWE-23,False
CWE-23,2020,26,CWE-23,CWE-23,False
CWE-23,2021,26,CWE-23,CWE-23,False
CWE-23,2022,39,CWE-23,CWE-23,False
CWE-23,2023,47,CWE-23,CWE-23,False
CWE-23,2024,90,CWE-23,CWE-23,False
CWE-23,2025,99,CWE-23,CWE-23,False
CWE-230,2023,1,CWE-230,CWE-230,False
CWE-230,2024,6,CWE-230,CWE-230,False
CWE-230,2025,1,CWE-230,CWE-230,False
CWE-231,2023,2,CWE-231,CWE-231,False
CWE-231,2024,2,CWE-231,CWE-231,False
CWE-232,2021,2,CWE-232,CWE-232,False
CWE-232,2022,1,CWE-232,CWE-232,False
CWE-232,2023,4,CWE-232,CWE-232,False
CWE-232,2025,3,CWE-232,CWE-232,False
CWE-233,2020,1,CWE-233,CWE-233,False
CWE-233,2021,4,CWE-233,CWE-233,False
CWE-233,2022,4,CWE-233,CWE-233,False
CWE-233,2023,6,CWE-233,CWE-233,False
CWE-233,2024,6,CWE-233,CWE-233,False
CWE-233,2025,3,CWE-233,CWE-233,False
CWE-234,2022,1,CWE-234,CWE-234,False
CWE-234,2023,1,CWE-234,CWE-234,False
CWE-235,2017,1,CWE-235,CWE-235,False
CWE-235,2024,1,CWE-235,CWE-235,False
CWE-236,2022,1,CWE-236,CWE-236,False
CWE-237,2023,2,CWE-237,CWE-237,False
CWE-237,2025,1,CWE-237,CWE-237,False
CWE-239,2020,1,CWE-239,CWE-239,False
CWE-239,2024,1,CWE-239,CWE-239,False
CWE-239,2025,1,CWE-239,CWE-239,False
CWE-24,2014,1,CWE-24,CWE-24,False
CWE-24,2018,1,CWE-24,CWE-24,False
CWE-24,2019,1,CWE-24,CWE-24,False
CWE-24,2020,4,CWE-24,CWE-24,False
CWE-24,2021,5,CWE-24,CWE-24,False
CWE-24,2022,5,CWE-24,CWE-24,False
CWE-24,2023,20,CWE-24,CWE-24,False
CWE-24,2024,27,CWE-24,CWE-24,False
CWE-24,2025,34,CWE-24,CWE-24,False
CWE-240,2021,1,CWE-240,CWE-240,False
CWE-240,2022,1,CWE-240,CWE-240,False
CWE-240,2023,2,CWE-240,CWE-240,False
CWE-240,2025,1,CWE-240,CWE-240,False
CWE-241,2021,6,CWE-241,CWE-241,False
CWE-241,2022,9,CWE-241,CWE-241,False
CWE-241,2023,3,CWE-241,CWE-241,False
CWE-241,2024,9,CWE-241,CWE-241,False
CWE-241,2025,4,CWE-241,CWE-241,False
CWE-242,2017,2,CWE-242,CWE-242,False
CWE-242,2021,2,CWE-242,CWE-242,False
CWE-242,2022,1,CWE-242,CWE-242,False
CWE-242,2024,1,CWE-242,CWE-242,False
CWE-242,2025,3,CWE-242,CWE-242,False
CWE-244,2022,2,CWE-244,CWE-244,False
CWE-244,2023,3,CWE-244,CWE-244,False
CWE-244,2025,9,CWE-244,CWE-244,False
CWE-248,2013,1,CWE-248,CWE-248,False
CWE-248,2016,1,CWE-248,CWE-248,False
CWE-248,2018,3,CWE-248,CWE-248,False
CWE-248,2019,8,CWE-248,CWE-248,False
CWE-248,2020,7,CWE-248,CWE-248,False
CWE-248,2021,8,CWE-248,CWE-248,False
CWE-248,2022,11,CWE-248,CWE-248,False
CWE-248,2023,34,CWE-248,CWE-248,False
CWE-248,2024,35,CWE-248,CWE-248,False
CWE-248,2025,52,CWE-248,CWE-248,False
CWE-249,2019,1,CWE-249,CWE-249,False
CWE-249,2022,1,CWE-249,CWE-249,False
CWE-249,2023,4,CWE-249,CWE-249,False
CWE-25,2022,2,CWE-25,CWE-25,False
CWE-25,2023,5,CWE-25,CWE-25,False
CWE-25,2024,1,CWE-25,CWE-25,False
CWE-25,2025,3,CWE-25,CWE-25,False
CWE-250,2017,1,CWE-250,CWE-250,False
CWE-250,2018,10,CWE-250,CWE-250,False
CWE-250,2019,10,CWE-250,CWE-250,False
CWE-250,2020,10,CWE-250,CWE-250,False
CWE-250,2021,22,CWE-250,CWE-250,False
CWE-250,2022,24,CWE-250,CWE-250,False
CWE-250,2023,35,CWE-250,CWE-250,False
CWE-250,2024,75,CWE-250,CWE-250,False
CWE-250,2025,78,CWE-250,CWE-250,False
CWE-252,1999,1,CWE-252,CWE-252,False
CWE-252,2002,1,CWE-252,CWE-252,False
CWE-252,2005,1,CWE-252,CWE-252,False
CWE-252,2007,2,CWE-252,CWE-252,False
CWE-252,2009,1,CWE-252,CWE-252,False
CWE-252,2010,1,CWE-252,CWE-252,False
CWE-252,2016,2,CWE-252,CWE-252,False
CWE-252,2017,4,CWE-252,CWE-252,False
CWE-252,2018,4,CWE-252,CWE-252,False
CWE-252,2019,8,CWE-252,CWE-252,False
CWE-252,2020,9,CWE-252,CWE-252,False
CWE-252,2021,30,CWE-252,CWE-252,False
CWE-252,2022,24,CWE-252,CWE-252,False
CWE-252,2023,23,CWE-252,CWE-252,False
CWE-252,2024,16,CWE-252,CWE-252,False
CWE-252,2025,18,CWE-252,CWE-252,False
CWE-253,2017,1,CWE-253,CWE-253,False
CWE-253,2020,1,CWE-253,CWE-253,False
CWE-253,2021,1,CWE-253,CWE-253,False
CWE-253,2022,1,CWE-253,CWE-253,False
CWE-253,2023,5,CWE-253,CWE-253,False
CWE-253,2024,3,CWE-253,CWE-253,False
CWE-253,2025,3,CWE-253,CWE-253,False
CWE-254,2000,1,CWE-254,CWE-254,False
CWE-254,2002,1,CWE-254,CWE-254,False
CWE-254,2006,2,CWE-254,CWE-254,False
CWE-254,2008,2,CWE-254,CWE-254,False
CWE-254,2009,2,CWE-254,CWE-254,False
CWE-254,2010,1,CWE-254,CWE-254,False
CWE-254,2011,3,CWE-254,CWE-254,False
CWE-254,2012,1,CWE-254,CWE-254,False
CWE-254,2013,1,CWE-254,CWE-254,False
CWE-254,2014,18,CWE-254,CWE-254,False
CWE-254,2015,135,CWE-254,CWE-254,False
CWE-254,2016,220,CWE-254,CWE-254,False
CWE-254,2017,16,CWE-254,CWE-254,False
CWE-254,2018,4,CWE-254,CWE-254,False
CWE-254,2019,5,CWE-254,CWE-254,False
CWE-254,2021,2,CWE-254,CWE-254,False
CWE-255,1999,3,Credentials Management Errors,CWE-255 - Credentials Management Errors,False
CWE-255,2001,1,Credentials Management Errors,CWE-255 - Credentials Management Errors,False
CWE-255,2002,9,Credentials Management Errors,CWE-255 - Credentials Management Errors,False
CWE-255,2003,11,Credentials Management Errors,CWE-255 - Credentials Management Errors,False
CWE-255,2004,7,Credentials Management Errors,CWE-255 - Credentials Management Errors,False
CWE-255,2005,2,Credentials Management Errors,CWE-255 - Credentials Management Errors,False
CWE-255,2006,6,Credentials Management Errors,CWE-255 - Credentials Management Errors,False
CWE-255,2007,27,Credentials Management Errors,CWE-255 - Credentials Management Errors,False
CWE-255,2008,70,Credentials Management Errors,CWE-255 - Credentials Management Errors,False
CWE-255,2009,57,Credentials Management Errors,CWE-255 - Credentials Management Errors,False
CWE-255,2010,60,Credentials Management Errors,CWE-255 - Credentials Management Errors,False
CWE-255,2011,44,Credentials Management Errors,CWE-255 - Credentials Management Errors,False
CWE-255,2012,60,Credentials Management Errors,CWE-255 - Credentials Management Errors,False
CWE-255,2013,94,Credentials Management Errors,CWE-255 - Credentials Management Errors,False
CWE-255,2014,104,Credentials Management Errors,CWE-255 - Credentials Management Errors,False
CWE-255,2015,70,Credentials Management Errors,CWE-255 - Credentials Management Errors,False
CWE-255,2016,85,Credentials Management Errors,CWE-255 - Credentials Management Errors,False
CWE-255,2017,13,Credentials Management Errors,CWE-255 - Credentials Management Errors,False
CWE-255,2018,8,Credentials Management Errors,CWE-255 - Credentials Management Errors,False
CWE-255,2019,8,Credentials Management Errors,CWE-255 - Credentials Management Errors,False
CWE-255,2020,5,Credentials Management Errors,CWE-255 - Credentials Management Errors,False
CWE-255,2021,9,Credentials Management Errors,CWE-255 - Credentials Management Errors,False
CWE-255,2022,1,Credentials Management Errors,CWE-255 - Credentials Management Errors,False
CWE-255,2024,1,Credentials Management Errors,CWE-255 - Credentials Management Errors,False
CWE-255,2025,18,Credentials Management Errors,CWE-255 - Credentials Management Errors,False
CWE-256,2017,4,CWE-256,CWE-256,False
CWE-256,2018,4,CWE-256,CWE-256,False
CWE-256,2019,5,CWE-256,CWE-256,False
CWE-256,2020,9,CWE-256,CWE-256,False
CWE-256,2021,9,CWE-256,CWE-256,False
CWE-256,2022,18,CWE-256,CWE-256,False
CWE-256,2023,24,CWE-256,CWE-256,False
CWE-256,2024,52,CWE-256,CWE-256,False
CWE-256,2025,52,CWE-256,CWE-256,False
CWE-257,2017,1,CWE-257,CWE-257,False
CWE-257,2018,2,CWE-257,CWE-257,False
CWE-257,2019,6,CWE-257,CWE-257,False
CWE-257,2020,1,CWE-257,CWE-257,False
CWE-257,2021,3,CWE-257,CWE-257,False
CWE-257,2022,6,CWE-257,CWE-257,False
CWE-257,2023,9,CWE-257,CWE-257,False
CWE-257,2024,13,CWE-257,CWE-257,False
CWE-257,2025,13,CWE-257,CWE-257,False
CWE-258,2018,1,CWE-258,CWE-258,False
CWE-258,2019,1,CWE-258,CWE-258,False
CWE-258,2020,1,CWE-258,CWE-258,False
CWE-258,2023,2,CWE-258,CWE-258,False
CWE-258,2024,3,CWE-258,CWE-258,False
CWE-258,2025,2,CWE-258,CWE-258,False
CWE-259,2012,1,CWE-259,CWE-259,False
CWE-259,2014,5,CWE-259,CWE-259,False
CWE-259,2015,1,CWE-259,CWE-259,False
CWE-259,2016,1,CWE-259,CWE-259,False
CWE-259,2017,3,CWE-259,CWE-259,False
CWE-259,2018,2,CWE-259,CWE-259,False
CWE-259,2019,3,CWE-259,CWE-259,False
CWE-259,2020,9,CWE-259,CWE-259,False
CWE-259,2021,11,CWE-259,CWE-259,False
CWE-259,2022,8,CWE-259,CWE-259,False
CWE-259,2023,19,CWE-259,CWE-259,False
CWE-259,2024,50,CWE-259,CWE-259,False
CWE-259,2025,55,CWE-259,CWE-259,False
CWE-26,2021,2,CWE-26,CWE-26,False
CWE-26,2022,1,CWE-26,CWE-26,False
CWE-26,2023,2,CWE-26,CWE-26,False
CWE-26,2024,7,CWE-26,CWE-26,False
CWE-26,2025,2,CWE-26,CWE-26,False
CWE-260,2014,1,CWE-260,CWE-260,False
CWE-260,2016,1,CWE-260,CWE-260,False
CWE-260,2017,2,CWE-260,CWE-260,False
CWE-260,2019,1,CWE-260,CWE-260,False
CWE-260,2020,1,CWE-260,CWE-260,False
CWE-260,2021,1,CWE-260,CWE-260,False
CWE-260,2023,4,CWE-260,CWE-260,False
CWE-260,2024,2,CWE-260,CWE-260,False
CWE-260,2025,10,CWE-260,CWE-260,False
CWE-261,2013,1,CWE-261,CWE-261,False
CWE-261,2017,1,CWE-261,CWE-261,False
CWE-261,2020,3,CWE-261,CWE-261,False
CWE-261,2021,1,CWE-261,CWE-261,False
CWE-261,2022,4,CWE-261,CWE-261,False
CWE-261,2023,6,CWE-261,CWE-261,False
CWE-261,2024,12,CWE-261,CWE-261,False
CWE-261,2025,5,CWE-261,CWE-261,False
CWE-262,2022,1,CWE-262,CWE-262,False
CWE-262,2023,2,CWE-262,CWE-262,False
CWE-262,2025,2,CWE-262,CWE-262,False
CWE-263,2023,1,CWE-263,CWE-263,False
CWE-264,1999,6,Permissions/Privileges,CWE-264 - Permissions/Privileges,False
CWE-264,2000,3,Permissions/Privileges,CWE-264 - Permissions/Privileges,False
CWE-264,2001,4,Permissions/Privileges,CWE-264 - Permissions/Privileges,False
CWE-264,2002,31,Permissions/Privileges,CWE-264 - Permissions/Privileges,False
CWE-264,2003,25,Permissions/Privileges,CWE-264 - Permissions/Privileges,False
CWE-264,2004,26,Permissions/Privileges,CWE-264 - Permissions/Privileges,False
CWE-264,2005,38,Permissions/Privileges,CWE-264 - Permissions/Privileges,False
CWE-264,2006,62,Permissions/Privileges,CWE-264 - Permissions/Privileges,False
CWE-264,2007,240,Permissions/Privileges,CWE-264 - Permissions/Privileges,False
CWE-264,2008,565,Permissions/Privileges,CWE-264 - Permissions/Privileges,False
CWE-264,2009,312,Permissions/Privileges,CWE-264 - Permissions/Privileges,False
CWE-264,2010,325,Permissions/Privileges,CWE-264 - Permissions/Privileges,False
CWE-264,2011,325,Permissions/Privileges,CWE-264 - Permissions/Privileges,False
CWE-264,2012,571,Permissions/Privileges,CWE-264 - Permissions/Privileges,False
CWE-264,2013,610,Permissions/Privileges,CWE-264 - Permissions/Privileges,False
CWE-264,2014,648,Permissions/Privileges,CWE-264 - Permissions/Privileges,False
CWE-264,2015,619,Permissions/Privileges,CWE-264 - Permissions/Privileges,False
CWE-264,2016,757,Permissions/Privileges,CWE-264 - Permissions/Privileges,False
CWE-264,2017,37,Permissions/Privileges,CWE-264 - Permissions/Privileges,False
CWE-264,2018,38,Permissions/Privileges,CWE-264 - Permissions/Privileges,False
CWE-264,2019,71,Permissions/Privileges,CWE-264 - Permissions/Privileges,False
CWE-264,2020,38,Permissions/Privileges,CWE-264 - Permissions/Privileges,False
CWE-264,2021,13,Permissions/Privileges,CWE-264 - Permissions/Privileges,False
CWE-264,2022,45,Permissions/Privileges,CWE-264 - Permissions/Privileges,False
CWE-264,2023,18,Permissions/Privileges,CWE-264 - Permissions/Privileges,False
CWE-264,2024,18,Permissions/Privileges,CWE-264 - Permissions/Privileges,False
CWE-264,2025,24,Permissions/Privileges,CWE-264 - Permissions/Privileges,False
CWE-265,2020,1,CWE-265,CWE-265,False
CWE-265,2023,2,CWE-265,CWE-265,False
CWE-265,2024,1,CWE-265,CWE-265,False
CWE-265,2025,2,CWE-265,CWE-265,False
CWE-266,2016,2,CWE-266,CWE-266,False
CWE-266,2017,2,CWE-266,CWE-266,False
CWE-266,2018,3,CWE-266,CWE-266,False
CWE-266,2019,17,CWE-266,CWE-266,False
CWE-266,2020,18,CWE-266,CWE-266,False
CWE-266,2021,11,CWE-266,CWE-266,False
CWE-266,2022,29,CWE-266,CWE-266,False
CWE-266,2023,32,CWE-266,CWE-266,False
CWE-266,2024,153,CWE-266,CWE-266,False
CWE-266,2025,381,CWE-266,CWE-266,False
CWE-267,2017,1,CWE-267,CWE-267,False
CWE-267,2019,3,CWE-267,CWE-267,False
CWE-267,2020,2,CWE-267,CWE-267,False
CWE-267,2021,6,CWE-267,CWE-267,False
CWE-267,2022,1,CWE-267,CWE-267,False
CWE-267,2023,8,CWE-267,CWE-267,False
CWE-267,2024,12,CWE-267,CWE-267,False
CWE-267,2025,20,CWE-267,CWE-267,False
CWE-268,2019,1,CWE-268,CWE-268,False
CWE-268,2022,1,CWE-268,CWE-268,False
CWE-268,2023,5,CWE-268,CWE-268,False
CWE-268,2024,4,CWE-268,CWE-268,False
CWE-268,2025,9,CWE-268,CWE-268,False
CWE-269,2002,3,Improper Privilege Management,CWE-269 - Improper Privilege Management,False
CWE-269,2003,1,Improper Privilege Management,CWE-269 - Improper Privilege Management,False
CWE-269,2004,1,Improper Privilege Management,CWE-269 - Improper Privilege Management,False
CWE-269,2006,1,Improper Privilege Management,CWE-269 - Improper Privilege Management,False
CWE-269,2007,1,Improper Privilege Management,CWE-269 - Improper Privilege Management,False
CWE-269,2008,2,Improper Privilege Management,CWE-269 - Improper Privilege Management,False
CWE-269,2009,2,Improper Privilege Management,CWE-269 - Improper Privilege Management,False
CWE-269,2010,4,Improper Privilege Management,CWE-269 - Improper Privilege Management,False
CWE-269,2011,6,Improper Privilege Management,CWE-269 - Improper Privilege Management,False
CWE-269,2012,18,Improper Privilege Management,CWE-269 - Improper Privilege Management,False
CWE-269,2013,19,Improper Privilege Management,CWE-269 - Improper Privilege Management,False
CWE-269,2014,20,Improper Privilege Management,CWE-269 - Improper Privilege Management,False
CWE-269,2015,22,Improper Privilege Management,CWE-269 - Improper Privilege Management,False
CWE-269,2016,26,Improper Privilege Management,CWE-269 - Improper Privilege Management,False
CWE-269,2017,150,Improper Privilege Management,CWE-269 - Improper Privilege Management,False
CWE-269,2018,144,Improper Privilege Management,CWE-269 - Improper Privilege Management,False
CWE-269,2019,151,Improper Privilege Management,CWE-269 - Improper Privilege Management,False
CWE-269,2020,237,Improper Privilege Management,CWE-269 - Improper Privilege Management,False
CWE-269,2021,352,Improper Privilege Management,CWE-269 - Improper Privilege Management,False
CWE-269,2022,278,Improper Privilege Management,CWE-269 - Improper Privilege Management,False
CWE-269,2023,378,Improper Privilege Management,CWE-269 - Improper Privilege Management,False
CWE-269,2024,371,Improper Privilege Management,CWE-269 - Improper Privilege Management,False
CWE-269,2025,286,Improper Privilege Management,CWE-269 - Improper Privilege Management,False
CWE-27,2021,1,CWE-27,CWE-27,False
CWE-27,2022,1,CWE-27,CWE-27,False
CWE-27,2023,9,CWE-27,CWE-27,False
CWE-27,2024,9,CWE-27,CWE-27,False
CWE-27,2025,4,CWE-27,CWE-27,False
CWE-270,2017,1,CWE-270,CWE-270,False
CWE-270,2019,1,CWE-270,CWE-270,False
CWE-270,2020,3,CWE-270,CWE-270,False
CWE-270,2021,1,CWE-270,CWE-270,False
CWE-270,2023,3,CWE-270,CWE-270,False
CWE-270,2024,8,CWE-270,CWE-270,False
CWE-270,2025,6,CWE-270,CWE-270,False
CWE-271,2019,1,CWE-271,CWE-271,False
CWE-271,2020,1,CWE-271,CWE-271,False
CWE-271,2022,1,CWE-271,CWE-271,False
CWE-271,2023,2,CWE-271,CWE-271,False
CWE-271,2024,2,CWE-271,CWE-271,False
CWE-271,2025,2,CWE-271,CWE-271,False
CWE-272,2021,1,CWE-272,CWE-272,False
CWE-272,2023,3,CWE-272,CWE-272,False
CWE-272,2024,9,CWE-272,CWE-272,False
CWE-272,2025,8,CWE-272,CWE-272,False
CWE-273,2006,1,CWE-273,CWE-273,False
CWE-273,2011,2,CWE-273,CWE-273,False
CWE-273,2012,1,CWE-273,CWE-273,False
CWE-273,2015,1,CWE-273,CWE-273,False
CWE-273,2017,1,CWE-273,CWE-273,False
CWE-273,2018,2,CWE-273,CWE-273,False
CWE-273,2019,3,CWE-273,CWE-273,False
CWE-273,2020,3,CWE-273,CWE-273,False
CWE-273,2021,4,CWE-273,CWE-273,False
CWE-273,2022,1,CWE-273,CWE-273,False
CWE-273,2023,8,CWE-273,CWE-273,False
CWE-273,2024,4,CWE-273,CWE-273,False
CWE-273,2025,3,CWE-273,CWE-273,False
CWE-274,2017,1,CWE-274,CWE-274,False
CWE-274,2018,2,CWE-274,CWE-274,False
CWE-274,2020,13,CWE-274,CWE-274,False
CWE-274,2021,2,CWE-274,CWE-274,False
CWE-274,2022,5,CWE-274,CWE-274,False
CWE-274,2023,4,CWE-274,CWE-274,False
CWE-274,2024,7,CWE-274,CWE-274,False
CWE-274,2025,5,CWE-274,CWE-274,False
CWE-275,2012,1,CWE-275,CWE-275,False
CWE-275,2013,3,CWE-275,CWE-275,False
CWE-275,2014,4,CWE-275,CWE-275,False
CWE-275,2015,6,CWE-275,CWE-275,False
CWE-275,2016,27,CWE-275,CWE-275,False
CWE-275,2017,22,CWE-275,CWE-275,False
CWE-275,2018,3,CWE-275,CWE-275,False
CWE-275,2019,6,CWE-275,CWE-275,False
CWE-275,2020,5,CWE-275,CWE-275,False
CWE-275,2021,4,CWE-275,CWE-275,False
CWE-275,2022,5,CWE-275,CWE-275,False
CWE-275,2023,7,CWE-275,CWE-275,False
CWE-275,2024,4,CWE-275,CWE-275,False
CWE-275,2025,8,CWE-275,CWE-275,False
CWE-276,1999,1,Incorrect Default Permissions,CWE-276 - Incorrect Default Permissions,False
CWE-276,2001,1,Incorrect Default Permissions,CWE-276 - Incorrect Default Permissions,False
CWE-276,2002,2,Incorrect Default Permissions,CWE-276 - Incorrect Default Permissions,False
CWE-276,2004,1,Incorrect Default Permissions,CWE-276 - Incorrect Default Permissions,False
CWE-276,2005,1,Incorrect Default Permissions,CWE-276 - Incorrect Default Permissions,False
CWE-276,2006,1,Incorrect Default Permissions,CWE-276 - Incorrect Default Permissions,False
CWE-276,2010,2,Incorrect Default Permissions,CWE-276 - Incorrect Default Permissions,False
CWE-276,2011,5,Incorrect Default Permissions,CWE-276 - Incorrect Default Permissions,False
CWE-276,2012,6,Incorrect Default Permissions,CWE-276 - Incorrect Default Permissions,False
CWE-276,2013,7,Incorrect Default Permissions,CWE-276 - Incorrect Default Permissions,False
CWE-276,2014,7,Incorrect Default Permissions,CWE-276 - Incorrect Default Permissions,False
CWE-276,2015,6,Incorrect Default Permissions,CWE-276 - Incorrect Default Permissions,False
CWE-276,2016,3,Incorrect Default Permissions,CWE-276 - Incorrect Default Permissions,False
CWE-276,2017,40,Incorrect Default Permissions,CWE-276 - Incorrect Default Permissions,False
CWE-276,2018,30,Incorrect Default Permissions,CWE-276 - Incorrect Default Permissions,False
CWE-276,2019,98,Incorrect Default Permissions,CWE-276 - Incorrect Default Permissions,False
CWE-276,2020,220,Incorrect Default Permissions,CWE-276 - Incorrect Default Permissions,False
CWE-276,2021,184,Incorrect Default Permissions,CWE-276 - Incorrect Default Permissions,False
CWE-276,2022,181,Incorrect Default Permissions,CWE-276 - Incorrect Default Permissions,False
CWE-276,2023,181,Incorrect Default Permissions,CWE-276 - Incorrect Default Permissions,False
CWE-276,2024,272,Incorrect Default Permissions,CWE-276 - Incorrect Default Permissions,False
CWE-276,2025,171,Incorrect Default Permissions,CWE-276 - Incorrect Default Permissions,False
CWE-277,2018,1,CWE-277,CWE-277,False
CWE-277,2019,1,CWE-277,CWE-277,False
CWE-277,2020,1,CWE-277,CWE-277,False
CWE-277,2021,4,CWE-277,CWE-277,False
CWE-277,2022,7,CWE-277,CWE-277,False
CWE-277,2023,12,CWE-277,CWE-277,False
CWE-277,2024,24,CWE-277,CWE-277,False
CWE-277,2025,15,CWE-277,CWE-277,False
CWE-278,2023,1,CWE-278,CWE-278,False
CWE-278,2024,3,CWE-278,CWE-278,False
CWE-278,2025,1,CWE-278,CWE-278,False
CWE-279,2017,1,CWE-279,CWE-279,False
CWE-279,2020,1,CWE-279,CWE-279,False
CWE-279,2022,1,CWE-279,CWE-279,False
CWE-279,2023,4,CWE-279,CWE-279,False
CWE-279,2024,5,CWE-279,CWE-279,False
CWE-279,2025,9,CWE-279,CWE-279,False
CWE-28,2023,1,CWE-28,CWE-28,False
CWE-28,2024,1,CWE-28,CWE-28,False
CWE-280,2019,3,CWE-280,CWE-280,False
CWE-280,2020,6,CWE-280,CWE-280,False
CWE-280,2021,3,CWE-280,CWE-280,False
CWE-280,2022,16,CWE-280,CWE-280,False
CWE-280,2023,17,CWE-280,CWE-280,False
CWE-280,2024,40,CWE-280,CWE-280,False
CWE-280,2025,35,CWE-280,CWE-280,False
CWE-281,2001,2,CWE-281,CWE-281,False
CWE-281,2002,1,CWE-281,CWE-281,False
CWE-281,2005,1,CWE-281,CWE-281,False
CWE-281,2013,1,CWE-281,CWE-281,False
CWE-281,2017,22,CWE-281,CWE-281,False
CWE-281,2018,4,CWE-281,CWE-281,False
CWE-281,2019,18,CWE-281,CWE-281,False
CWE-281,2020,34,CWE-281,CWE-281,False
CWE-281,2021,37,CWE-281,CWE-281,False
CWE-281,2022,32,CWE-281,CWE-281,False
CWE-281,2023,42,CWE-281,CWE-281,False
CWE-281,2024,93,CWE-281,CWE-281,False
CWE-281,2025,28,CWE-281,CWE-281,False
CWE-282,2017,1,CWE-282,CWE-282,False
CWE-282,2020,1,CWE-282,CWE-282,False
CWE-282,2022,2,CWE-282,CWE-282,False
CWE-282,2023,3,CWE-282,CWE-282,False
CWE-282,2024,10,CWE-282,CWE-282,False
CWE-282,2025,8,CWE-282,CWE-282,False
CWE-283,2020,1,CWE-283,CWE-283,False
CWE-283,2021,2,CWE-283,CWE-283,False
CWE-283,2022,1,CWE-283,CWE-283,False
CWE-283,2023,2,CWE-283,CWE-283,False
CWE-283,2024,2,CWE-283,CWE-283,False
CWE-283,2025,6,CWE-283,CWE-283,False
CWE-284,2001,1,Improper Access Control,CWE-284 - Improper Access Control,False
CWE-284,2008,1,Improper Access Control,CWE-284 - Improper Access Control,False
CWE-284,2009,4,Improper Access Control,CWE-284 - Improper Access Control,False
CWE-284,2010,2,Improper Access Control,CWE-284 - Improper Access Control,False
CWE-284,2011,5,Improper Access Control,CWE-284 - Improper Access Control,False
CWE-284,2012,13,Improper Access Control,CWE-284 - Improper Access Control,False
CWE-284,2013,13,Improper Access Control,CWE-284 - Improper Access Control,False
CWE-284,2014,72,Improper Access Control,CWE-284 - Improper Access Control,False
CWE-284,2015,216,Improper Access Control,CWE-284 - Improper Access Control,False
CWE-284,2016,593,Improper Access Control,CWE-284 - Improper Access Control,False
CWE-284,2017,41,Improper Access Control,CWE-284 - Improper Access Control,False
CWE-284,2018,77,Improper Access Control,CWE-284 - Improper Access Control,False
CWE-284,2019,125,Improper Access Control,CWE-284 - Improper Access Control,False
CWE-284,2020,129,Improper Access Control,CWE-284 - Improper Access Control,False
CWE-284,2021,205,Improper Access Control,CWE-284 - Improper Access Control,False
CWE-284,2022,380,Improper Access Control,CWE-284 - Improper Access Control,False
CWE-284,2023,525,Improper Access Control,CWE-284 - Improper Access Control,False
CWE-284,2024,734,Improper Access Control,CWE-284 - Improper Access Control,False
CWE-284,2025,1129,Improper Access Control,CWE-284 - Improper Access Control,False
CWE-285,2013,1,Improper Authorization,CWE-285 - Improper Authorization,False
CWE-285,2014,4,Improper Authorization,CWE-285 - Improper Authorization,False
CWE-285,2015,6,Improper Authorization,CWE-285 - Improper Authorization,False
CWE-285,2016,29,Improper Authorization,CWE-285 - Improper Authorization,False
CWE-285,2017,23,Improper Authorization,CWE-285 - Improper Authorization,False
CWE-285,2018,32,Improper Authorization,CWE-285 - Improper Authorization,False
CWE-285,2019,39,Improper Authorization,CWE-285 - Improper Authorization,False
CWE-285,2020,58,Improper Authorization,CWE-285 - Improper Authorization,False
CWE-285,2021,94,Improper Authorization,CWE-285 - Improper Authorization,False
CWE-285,2022,120,Improper Authorization,CWE-285 - Improper Authorization,False
CWE-285,2023,135,Improper Authorization,CWE-285 - Improper Authorization,False
CWE-285,2024,168,Improper Authorization,CWE-285 - Improper Authorization,False
CWE-285,2025,310,Improper Authorization,CWE-285 - Improper Authorization,False
CWE-286,2021,2,CWE-286,CWE-286,False
CWE-286,2022,3,CWE-286,CWE-286,False
CWE-286,2023,9,CWE-286,CWE-286,False
CWE-286,2024,11,CWE-286,CWE-286,False
CWE-286,2025,4,CWE-286,CWE-286,False
CWE-287,1999,3,Improper Authentication,CWE-287 - Improper Authentication,False
CWE-287,2001,2,Improper Authentication,CWE-287 - Improper Authentication,False
CWE-287,2002,7,Improper Authentication,CWE-287 - Improper Authentication,False
CWE-287,2003,9,Improper Authentication,CWE-287 - Improper Authentication,False
CWE-287,2004,6,Improper Authentication,CWE-287 - Improper Authentication,False
CWE-287,2005,6,Improper Authentication,CWE-287 - Improper Authentication,False
CWE-287,2006,15,Improper Authentication,CWE-287 - Improper Authentication,False
CWE-287,2007,70,Improper Authentication,CWE-287 - Improper Authentication,False
CWE-287,2008,217,Improper Authentication,CWE-287 - Improper Authentication,False
CWE-287,2009,150,Improper Authentication,CWE-287 - Improper Authentication,False
CWE-287,2010,57,Improper Authentication,CWE-287 - Improper Authentication,False
CWE-287,2011,74,Improper Authentication,CWE-287 - Improper Authentication,False
CWE-287,2012,111,Improper Authentication,CWE-287 - Improper Authentication,False
CWE-287,2013,166,Improper Authentication,CWE-287 - Improper Authentication,False
CWE-287,2014,138,Improper Authentication,CWE-287 - Improper Authentication,False
CWE-287,2015,56,Improper Authentication,CWE-287 - Improper Authentication,False
CWE-287,2016,106,Improper Authentication,CWE-287 - Improper Authentication,False
CWE-287,2017,258,Improper Authentication,CWE-287 - Improper Authentication,False
CWE-287,2018,294,Improper Authentication,CWE-287 - Improper Authentication,False
CWE-287,2019,226,Improper Authentication,CWE-287 - Improper Authentication,False
CWE-287,2020,293,Improper Authentication,CWE-287 - Improper Authentication,False
CWE-287,2021,332,Improper Authentication,CWE-287 - Improper Authentication,False
CWE-287,2022,389,Improper Authentication,CWE-287 - Improper Authentication,False
CWE-287,2023,384,Improper Authentication,CWE-287 - Improper Authentication,False
CWE-287,2024,303,Improper Authentication,CWE-287 - Improper Authentication,False
CWE-287,2025,302,Improper Authentication,CWE-287 - Improper Authentication,False
CWE-288,2016,1,CWE-288,CWE-288,False
CWE-288,2017,3,CWE-288,CWE-288,False
CWE-288,2018,6,CWE-288,CWE-288,False
CWE-288,2019,11,CWE-288,CWE-288,False
CWE-288,2020,19,CWE-288,CWE-288,False
CWE-288,2021,24,CWE-288,CWE-288,False
CWE-288,2022,29,CWE-288,CWE-288,False
CWE-288,2023,44,CWE-288,CWE-288,False
CWE-288,2024,132,CWE-288,CWE-288,False
CWE-288,2025,152,CWE-288,CWE-288,False
CWE-289,2017,1,CWE-289,CWE-289,False
CWE-289,2021,1,CWE-289,CWE-289,False
CWE-289,2023,6,CWE-289,CWE-289,False
CWE-289,2024,6,CWE-289,CWE-289,False
CWE-289,2025,8,CWE-289,CWE-289,False
CWE-29,2022,1,CWE-29,CWE-29,False
CWE-29,2023,13,CWE-29,CWE-29,False
CWE-29,2024,38,CWE-29,CWE-29,False
CWE-29,2025,5,CWE-29,CWE-29,False
CWE-290,2009,1,CWE-290,CWE-290,False
CWE-290,2013,1,CWE-290,CWE-290,False
CWE-290,2017,10,CWE-290,CWE-290,False
CWE-290,2018,15,CWE-290,CWE-290,False
CWE-290,2019,29,CWE-290,CWE-290,False
CWE-290,2020,33,CWE-290,CWE-290,False
CWE-290,2021,44,CWE-290,CWE-290,False
CWE-290,2022,55,CWE-290,CWE-290,False
CWE-290,2023,81,CWE-290,CWE-290,False
CWE-290,2024,106,CWE-290,CWE-290,False
CWE-290,2025,97,CWE-290,CWE-290,False
CWE-291,2022,1,CWE-291,CWE-291,False
CWE-291,2023,2,CWE-291,CWE-291,False
CWE-291,2024,2,CWE-291,CWE-291,False
CWE-291,2025,1,CWE-291,CWE-291,False
CWE-292,2023,1,CWE-292,CWE-292,False
CWE-293,2023,1,CWE-293,CWE-293,False
CWE-294,2002,1,CWE-294,CWE-294,False
CWE-294,2011,1,CWE-294,CWE-294,False
CWE-294,2013,1,CWE-294,CWE-294,False
CWE-294,2017,5,CWE-294,CWE-294,False
CWE-294,2018,14,CWE-294,CWE-294,False
CWE-294,2019,11,CWE-294,CWE-294,False
CWE-294,2020,22,CWE-294,CWE-294,False
CWE-294,2021,19,CWE-294,CWE-294,False
CWE-294,2022,37,CWE-294,CWE-294,False
CWE-294,2023,30,CWE-294,CWE-294,False
CWE-294,2024,25,CWE-294,CWE-294,False
CWE-294,2025,21,CWE-294,CWE-294,False
CWE-295,2002,1,Improper Certificate Validation,CWE-295 - Improper Certificate Validation,False
CWE-295,2003,1,Improper Certificate Validation,CWE-295 - Improper Certificate Validation,False
CWE-295,2005,1,Improper Certificate Validation,CWE-295 - Improper Certificate Validation,False
CWE-295,2006,1,Improper Certificate Validation,CWE-295 - Improper Certificate Validation,False
CWE-295,2007,1,Improper Certificate Validation,CWE-295 - Improper Certificate Validation,False
CWE-295,2008,1,Improper Certificate Validation,CWE-295 - Improper Certificate Validation,False
CWE-295,2009,9,Improper Certificate Validation,CWE-295 - Improper Certificate Validation,False
CWE-295,2010,5,Improper Certificate Validation,CWE-295 - Improper Certificate Validation,False
CWE-295,2011,6,Improper Certificate Validation,CWE-295 - Improper Certificate Validation,False
CWE-295,2012,18,Improper Certificate Validation,CWE-295 - Improper Certificate Validation,False
CWE-295,2013,7,Improper Certificate Validation,CWE-295 - Improper Certificate Validation,False
CWE-295,2014,18,Improper Certificate Validation,CWE-295 - Improper Certificate Validation,False
CWE-295,2015,31,Improper Certificate Validation,CWE-295 - Improper Certificate Validation,False
CWE-295,2016,43,Improper Certificate Validation,CWE-295 - Improper Certificate Validation,False
CWE-295,2017,165,Improper Certificate Validation,CWE-295 - Improper Certificate Validation,False
CWE-295,2018,95,Improper Certificate Validation,CWE-295 - Improper Certificate Validation,False
CWE-295,2019,96,Improper Certificate Validation,CWE-295 - Improper Certificate Validation,False
CWE-295,2020,133,Improper Certificate Validation,CWE-295 - Improper Certificate Validation,False
CWE-295,2021,123,Improper Certificate Validation,CWE-295 - Improper Certificate Validation,False
CWE-295,2022,116,Improper Certificate Validation,CWE-295 - Improper Certificate Validation,False
CWE-295,2023,116,Improper Certificate Validation,CWE-295 - Improper Certificate Validation,False
CWE-295,2024,124,Improper Certificate Validation,CWE-295 - Improper Certificate Validation,False
CWE-295,2025,118,Improper Certificate Validation,CWE-295 - Improper Certificate Validation,False
CWE-296,2019,2,CWE-296,CWE-296,False
CWE-296,2021,4,CWE-296,CWE-296,False
CWE-296,2024,1,CWE-296,CWE-296,False
CWE-296,2025,3,CWE-296,CWE-296,False
CWE-297,2014,2,CWE-297,CWE-297,False
CWE-297,2016,1,CWE-297,CWE-297,False
CWE-297,2017,2,CWE-297,CWE-297,False
CWE-297,2018,2,CWE-297,CWE-297,False
CWE-297,2020,5,CWE-297,CWE-297,False
CWE-297,2021,2,CWE-297,CWE-297,False
CWE-297,2022,7,CWE-297,CWE-297,False
CWE-297,2023,3,CWE-297,CWE-297,False
CWE-297,2024,11,CWE-297,CWE-297,False
CWE-297,2025,8,CWE-297,CWE-297,False
CWE-298,2023,1,CWE-298,CWE-298,False
CWE-298,2025,5,CWE-298,CWE-298,False
CWE-299,2020,2,CWE-299,CWE-299,False
CWE-299,2023,1,CWE-299,CWE-299,False
CWE-299,2024,1,CWE-299,CWE-299,False
CWE-299,2025,3,CWE-299,CWE-299,False
CWE-30,2025,1,CWE-30,CWE-30,False
CWE-300,2016,1,CWE-300,CWE-300,False
CWE-300,2017,10,CWE-300,CWE-300,False
CWE-300,2018,3,CWE-300,CWE-300,False
CWE-300,2019,7,CWE-300,CWE-300,False
CWE-300,2020,2,CWE-300,CWE-300,False
CWE-300,2021,7,CWE-300,CWE-300,False
CWE-300,2022,1,CWE-300,CWE-300,False
CWE-300,2023,6,CWE-300,CWE-300,False
CWE-300,2024,8,CWE-300,CWE-300,False
CWE-300,2025,5,CWE-300,CWE-300,False
CWE-301,2019,1,CWE-301,CWE-301,False
CWE-302,2016,1,CWE-302,CWE-302,False
CWE-302,2020,1,CWE-302,CWE-302,False
CWE-302,2021,2,CWE-302,CWE-302,False
CWE-302,2022,4,CWE-302,CWE-302,False
CWE-302,2023,3,CWE-302,CWE-302,False
CWE-302,2024,11,CWE-302,CWE-302,False
CWE-302,2025,8,CWE-302,CWE-302,False
CWE-303,2016,1,CWE-303,CWE-303,False
CWE-303,2018,1,CWE-303,CWE-303,False
CWE-303,2020,4,CWE-303,CWE-303,False
CWE-303,2021,4,CWE-303,CWE-303,False
CWE-303,2022,8,CWE-303,CWE-303,False
CWE-303,2023,14,CWE-303,CWE-303,False
CWE-303,2024,19,CWE-303,CWE-303,False
CWE-303,2025,19,CWE-303,CWE-303,False
CWE-304,2011,1,CWE-304,CWE-304,False
CWE-304,2019,1,CWE-304,CWE-304,False
CWE-304,2021,1,CWE-304,CWE-304,False
CWE-304,2022,5,CWE-304,CWE-304,False
CWE-304,2023,4,CWE-304,CWE-304,False
CWE-304,2024,10,CWE-304,CWE-304,False
CWE-304,2025,5,CWE-304,CWE-304,False
CWE-305,2019,5,CWE-305,CWE-305,False
CWE-305,2020,9,CWE-305,CWE-305,False
CWE-305,2021,8,CWE-305,CWE-305,False
CWE-305,2022,12,CWE-305,CWE-305,False
CWE-305,2023,23,CWE-305,CWE-305,False
CWE-305,2024,29,CWE-305,CWE-305,False
CWE-305,2025,30,CWE-305,CWE-305,False
CWE-306,2002,1,Missing Authentication,CWE-306 - Missing Authentication,False
CWE-306,2004,1,Missing Authentication,CWE-306 - Missing Authentication,False
CWE-306,2006,2,Missing Authentication,CWE-306 - Missing Authentication,False
CWE-306,2007,1,Missing Authentication,CWE-306 - Missing Authentication,False
CWE-306,2008,1,Missing Authentication,CWE-306 - Missing Authentication,False
CWE-306,2009,1,Missing Authentication,CWE-306 - Missing Authentication,False
CWE-306,2010,1,Missing Authentication,CWE-306 - Missing Authentication,False
CWE-306,2011,5,Missing Authentication,CWE-306 - Missing Authentication,False
CWE-306,2012,3,Missing Authentication,CWE-306 - Missing Authentication,False
CWE-306,2013,3,Missing Authentication,CWE-306 - Missing Authentication,False
CWE-306,2014,11,Missing Authentication,CWE-306 - Missing Authentication,False
CWE-306,2015,5,Missing Authentication,CWE-306 - Missing Authentication,False
CWE-306,2016,12,Missing Authentication,CWE-306 - Missing Authentication,False
CWE-306,2017,40,Missing Authentication,CWE-306 - Missing Authentication,False
CWE-306,2018,56,Missing Authentication,CWE-306 - Missing Authentication,False
CWE-306,2019,224,Missing Authentication,CWE-306 - Missing Authentication,False
CWE-306,2020,256,Missing Authentication,CWE-306 - Missing Authentication,False
CWE-306,2021,159,Missing Authentication,CWE-306 - Missing Authentication,False
CWE-306,2022,219,Missing Authentication,CWE-306 - Missing Authentication,False
CWE-306,2023,231,Missing Authentication,CWE-306 - Missing Authentication,False
CWE-306,2024,267,Missing Authentication,CWE-306 - Missing Authentication,False
CWE-306,2025,372,Missing Authentication,CWE-306 - Missing Authentication,False
CWE-307,1999,1,CWE-307,CWE-307,False
CWE-307,2001,3,CWE-307,CWE-307,False
CWE-307,2002,1,CWE-307,CWE-307,False
CWE-307,2009,1,CWE-307,CWE-307,False
CWE-307,2013,5,CWE-307,CWE-307,False
CWE-307,2014,2,CWE-307,CWE-307,False
CWE-307,2015,1,CWE-307,CWE-307,False
CWE-307,2016,1,CWE-307,CWE-307,False
CWE-307,2017,10,CWE-307,CWE-307,False
CWE-307,2018,12,CWE-307,CWE-307,False
CWE-307,2019,33,CWE-307,CWE-307,False
CWE-307,2020,52,CWE-307,CWE-307,False
CWE-307,2021,51,CWE-307,CWE-307,False
CWE-307,2022,65,CWE-307,CWE-307,False
CWE-307,2023,92,CWE-307,CWE-307,False
CWE-307,2024,70,CWE-307,CWE-307,False
CWE-307,2025,91,CWE-307,CWE-307,False
CWE-308,2023,4,CWE-308,CWE-308,False
CWE-308,2024,1,CWE-308,CWE-308,False
CWE-308,2025,2,CWE-308,CWE-308,False
CWE-309,2024,1,CWE-309,CWE-309,False
CWE-31,2019,1,CWE-31,CWE-31,False
CWE-31,2023,1,CWE-31,CWE-31,False
CWE-31,2024,9,CWE-31,CWE-31,False
CWE-310,2000,2,Cryptographic Issues,CWE-310 - Cryptographic Issues,False
CWE-310,2001,4,Cryptographic Issues,CWE-310 - Cryptographic Issues,False
CWE-310,2002,3,Cryptographic Issues,CWE-310 - Cryptographic Issues,False
CWE-310,2003,9,Cryptographic Issues,CWE-310 - Cryptographic Issues,False
CWE-310,2004,3,Cryptographic Issues,CWE-310 - Cryptographic Issues,False
CWE-310,2005,2,Cryptographic Issues,CWE-310 - Cryptographic Issues,False
CWE-310,2006,7,Cryptographic Issues,CWE-310 - Cryptographic Issues,False
CWE-310,2007,25,Cryptographic Issues,CWE-310 - Cryptographic Issues,False
CWE-310,2008,49,Cryptographic Issues,CWE-310 - Cryptographic Issues,False
CWE-310,2009,75,Cryptographic Issues,CWE-310 - Cryptographic Issues,False
CWE-310,2010,64,Cryptographic Issues,CWE-310 - Cryptographic Issues,False
CWE-310,2011,70,Cryptographic Issues,CWE-310 - Cryptographic Issues,False
CWE-310,2012,111,Cryptographic Issues,CWE-310 - Cryptographic Issues,False
CWE-310,2013,152,Cryptographic Issues,CWE-310 - Cryptographic Issues,False
CWE-310,2014,1543,Cryptographic Issues,CWE-310 - Cryptographic Issues,False
CWE-310,2015,82,Cryptographic Issues,CWE-310 - Cryptographic Issues,False
CWE-310,2016,208,Cryptographic Issues,CWE-310 - Cryptographic Issues,False
CWE-310,2017,21,Cryptographic Issues,CWE-310 - Cryptographic Issues,False
CWE-310,2018,14,Cryptographic Issues,CWE-310 - Cryptographic Issues,False
CWE-310,2019,11,Cryptographic Issues,CWE-310 - Cryptographic Issues,False
CWE-310,2020,4,Cryptographic Issues,CWE-310 - Cryptographic Issues,False
CWE-310,2021,7,Cryptographic Issues,CWE-310 - Cryptographic Issues,False
CWE-310,2022,7,Cryptographic Issues,CWE-310 - Cryptographic Issues,False
CWE-310,2023,3,Cryptographic Issues,CWE-310 - Cryptographic Issues,False
CWE-310,2024,3,Cryptographic Issues,CWE-310 - Cryptographic Issues,False
CWE-310,2025,21,Cryptographic Issues,CWE-310 - Cryptographic Issues,False
CWE-311,2007,1,CWE-311,CWE-311,False
CWE-311,2010,2,CWE-311,CWE-311,False
CWE-311,2011,1,CWE-311,CWE-311,False
CWE-311,2012,2,CWE-311,CWE-311,False
CWE-311,2014,2,CWE-311,CWE-311,False
CWE-311,2015,2,CWE-311,CWE-311,False
CWE-311,2016,140,CWE-311,CWE-311,False
CWE-311,2017,29,CWE-311,CWE-311,False
CWE-311,2018,37,CWE-311,CWE-311,False
CWE-311,2019,73,CWE-311,CWE-311,False
CWE-311,2020,41,CWE-311,CWE-311,False
CWE-311,2021,26,CWE-311,CWE-311,False
CWE-311,2022,30,CWE-311,CWE-311,False
CWE-311,2023,51,CWE-311,CWE-311,False
CWE-311,2024,27,CWE-311,CWE-311,False
CWE-311,2025,33,CWE-311,CWE-311,False
CWE-312,2001,3,CWE-312,CWE-312,False
CWE-312,2002,2,CWE-312,CWE-312,False
CWE-312,2004,1,CWE-312,CWE-312,False
CWE-312,2005,3,CWE-312,CWE-312,False
CWE-312,2007,1,CWE-312,CWE-312,False
CWE-312,2008,5,CWE-312,CWE-312,False
CWE-312,2009,6,CWE-312,CWE-312,False
CWE-312,2010,2,CWE-312,CWE-312,False
CWE-312,2011,3,CWE-312,CWE-312,False
CWE-312,2013,1,CWE-312,CWE-312,False
CWE-312,2014,1,CWE-312,CWE-312,False
CWE-312,2015,5,CWE-312,CWE-312,False
CWE-312,2016,3,CWE-312,CWE-312,False
CWE-312,2017,12,CWE-312,CWE-312,False
CWE-312,2018,24,CWE-312,CWE-312,False
CWE-312,2019,65,CWE-312,CWE-312,False
CWE-312,2020,91,CWE-312,CWE-312,False
CWE-312,2021,106,CWE-312,CWE-312,False
CWE-312,2022,88,CWE-312,CWE-312,False
CWE-312,2023,115,CWE-312,CWE-312,False
CWE-312,2024,110,CWE-312,CWE-312,False
CWE-312,2025,97,CWE-312,CWE-312,False
CWE-313,2016,3,CWE-313,CWE-313,False
CWE-313,2019,1,CWE-313,CWE-313,False
CWE-313,2023,4,CWE-313,CWE-313,False
CWE-313,2024,7,CWE-313,CWE-313,False
CWE-313,2025,6,CWE-313,CWE-313,False
CWE-314,2023,1,CWE-314,CWE-314,False
CWE-315,2018,1,CWE-315,CWE-315,False
CWE-315,2021,1,CWE-315,CWE-315,False
CWE-315,2024,3,CWE-315,CWE-315,False
CWE-315,2025,2,CWE-315,CWE-315,False
CWE-316,2014,1,CWE-316,CWE-316,False
CWE-316,2019,1,CWE-316,CWE-316,False
CWE-316,2021,4,CWE-316,CWE-316,False
CWE-316,2022,4,CWE-316,CWE-316,False
CWE-316,2023,4,CWE-316,CWE-316,False
CWE-316,2024,9,CWE-316,CWE-316,False
CWE-316,2025,10,CWE-316,CWE-316,False
CWE-317,2019,1,CWE-317,CWE-317,False
CWE-317,2021,2,CWE-317,CWE-317,False
CWE-317,2022,1,CWE-317,CWE-317,False
CWE-318,2022,1,CWE-318,CWE-318,False
CWE-319,2002,1,Cleartext Transmission,CWE-319 - Cleartext Transmission,False
CWE-319,2003,1,Cleartext Transmission,CWE-319 - Cleartext Transmission,False
CWE-319,2004,1,Cleartext Transmission,CWE-319 - Cleartext Transmission,False
CWE-319,2005,2,Cleartext Transmission,CWE-319 - Cleartext Transmission,False
CWE-319,2007,2,Cleartext Transmission,CWE-319 - Cleartext Transmission,False
CWE-319,2008,4,Cleartext Transmission,CWE-319 - Cleartext Transmission,False
CWE-319,2010,1,Cleartext Transmission,CWE-319 - Cleartext Transmission,False
CWE-319,2011,1,Cleartext Transmission,CWE-319 - Cleartext Transmission,False
CWE-319,2012,2,Cleartext Transmission,CWE-319 - Cleartext Transmission,False
CWE-319,2014,1,Cleartext Transmission,CWE-319 - Cleartext Transmission,False
CWE-319,2015,1,Cleartext Transmission,CWE-319 - Cleartext Transmission,False
CWE-319,2016,2,Cleartext Transmission,CWE-319 - Cleartext Transmission,False
CWE-319,2017,39,Cleartext Transmission,CWE-319 - Cleartext Transmission,False
CWE-319,2018,43,Cleartext Transmission,CWE-319 - Cleartext Transmission,False
CWE-319,2019,113,Cleartext Transmission,CWE-319 - Cleartext Transmission,False
CWE-319,2020,117,Cleartext Transmission,CWE-319 - Cleartext Transmission,False
CWE-319,2021,98,Cleartext Transmission,CWE-319 - Cleartext Transmission,False
CWE-319,2022,79,Cleartext Transmission,CWE-319 - Cleartext Transmission,False
CWE-319,2023,106,Cleartext Transmission,CWE-319 - Cleartext Transmission,False
CWE-319,2024,92,Cleartext Transmission,CWE-319 - Cleartext Transmission,False
CWE-319,2025,92,Cleartext Transmission,CWE-319 - Cleartext Transmission,False
CWE-32,2024,2,CWE-32,CWE-32,False
CWE-320,2013,1,CWE-320,CWE-320,False
CWE-320,2014,1,CWE-320,CWE-320,False
CWE-320,2015,7,CWE-320,CWE-320,False
CWE-320,2016,13,CWE-320,CWE-320,False
CWE-320,2017,4,CWE-320,CWE-320,False
CWE-320,2018,9,CWE-320,CWE-320,False
CWE-320,2019,5,CWE-320,CWE-320,False
CWE-320,2020,1,CWE-320,CWE-320,False
CWE-320,2021,1,CWE-320,CWE-320,False
CWE-320,2023,2,CWE-320,CWE-320,False
CWE-320,2024,3,CWE-320,CWE-320,False
CWE-320,2025,19,CWE-320,CWE-320,False
CWE-321,2014,2,CWE-321,CWE-321,False
CWE-321,2016,2,CWE-321,CWE-321,False
CWE-321,2017,5,CWE-321,CWE-321,False
CWE-321,2018,3,CWE-321,CWE-321,False
CWE-321,2019,11,CWE-321,CWE-321,False
CWE-321,2020,17,CWE-321,CWE-321,False
CWE-321,2021,12,CWE-321,CWE-321,False
CWE-321,2022,25,CWE-321,CWE-321,False
CWE-321,2023,33,CWE-321,CWE-321,False
CWE-321,2024,38,CWE-321,CWE-321,False
CWE-321,2025,82,CWE-321,CWE-321,False
CWE-322,2021,1,CWE-322,CWE-322,False
CWE-322,2022,9,CWE-322,CWE-322,False
CWE-322,2024,4,CWE-322,CWE-322,False
CWE-322,2025,2,CWE-322,CWE-322,False
CWE-323,2017,9,CWE-323,CWE-323,False
CWE-323,2019,1,CWE-323,CWE-323,False
CWE-323,2020,1,CWE-323,CWE-323,False
CWE-323,2021,1,CWE-323,CWE-323,False
CWE-323,2022,2,CWE-323,CWE-323,False
CWE-323,2023,4,CWE-323,CWE-323,False
CWE-323,2024,6,CWE-323,CWE-323,False
CWE-323,2025,3,CWE-323,CWE-323,False
CWE-324,2019,1,CWE-324,CWE-324,False
CWE-324,2021,1,CWE-324,CWE-324,False
CWE-324,2022,3,CWE-324,CWE-324,False
CWE-324,2023,1,CWE-324,CWE-324,False
CWE-324,2024,8,CWE-324,CWE-324,False
CWE-324,2025,4,CWE-324,CWE-324,False
CWE-325,2015,1,CWE-325,CWE-325,False
CWE-325,2016,1,CWE-325,CWE-325,False
CWE-325,2017,3,CWE-325,CWE-325,False
CWE-325,2018,1,CWE-325,CWE-325,False
CWE-325,2019,1,CWE-325,CWE-325,False
CWE-325,2020,4,CWE-325,CWE-325,False
CWE-325,2021,4,CWE-325,CWE-325,False
CWE-325,2022,6,CWE-325,CWE-325,False
CWE-325,2023,7,CWE-325,CWE-325,False
CWE-325,2024,2,CWE-325,CWE-325,False
CWE-325,2025,7,CWE-325,CWE-325,False
CWE-326,2001,1,CWE-326,CWE-326,False
CWE-326,2002,7,CWE-326,CWE-326,False
CWE-326,2004,1,CWE-326,CWE-326,False
CWE-326,2005,3,CWE-326,CWE-326,False
CWE-326,2009,1,CWE-326,CWE-326,False
CWE-326,2010,1,CWE-326,CWE-326,False
CWE-326,2011,3,CWE-326,CWE-326,False
CWE-326,2012,2,CWE-326,CWE-326,False
CWE-326,2013,9,CWE-326,CWE-326,False
CWE-326,2014,7,CWE-326,CWE-326,False
CWE-326,2015,6,CWE-326,CWE-326,False
CWE-326,2016,17,CWE-326,CWE-326,False
CWE-326,2017,45,CWE-326,CWE-326,False
CWE-326,2018,36,CWE-326,CWE-326,False
CWE-326,2019,30,CWE-326,CWE-326,False
CWE-326,2020,42,CWE-326,CWE-326,False
CWE-326,2021,39,CWE-326,CWE-326,False
CWE-326,2022,43,CWE-326,CWE-326,False
CWE-326,2023,59,CWE-326,CWE-326,False
CWE-326,2024,48,CWE-326,CWE-326,False
CWE-326,2025,31,CWE-326,CWE-326,False
CWE-327,2002,1,CWE-327,CWE-327,False
CWE-327,2005,2,CWE-327,CWE-327,False
CWE-327,2007,4,CWE-327,CWE-327,False
CWE-327,2008,2,CWE-327,CWE-327,False
CWE-327,2009,1,CWE-327,CWE-327,False
CWE-327,2011,1,CWE-327,CWE-327,False
CWE-327,2012,2,CWE-327,CWE-327,False
CWE-327,2013,3,CWE-327,CWE-327,False
CWE-327,2014,2,CWE-327,CWE-327,False
CWE-327,2015,5,CWE-327,CWE-327,False
CWE-327,2016,6,CWE-327,CWE-327,False
CWE-327,2017,27,CWE-327,CWE-327,False
CWE-327,2018,31,CWE-327,CWE-327,False
CWE-327,2019,68,CWE-327,CWE-327,False
CWE-327,2020,90,CWE-327,CWE-327,False
CWE-327,2021,73,CWE-327,CWE-327,False
CWE-327,2022,65,CWE-327,CWE-327,False
CWE-327,2023,64,CWE-327,CWE-327,False
CWE-327,2024,77,CWE-327,CWE-327,False
CWE-327,2025,63,CWE-327,CWE-327,False
CWE-328,2019,1,CWE-328,CWE-328,False
CWE-328,2021,1,CWE-328,CWE-328,False
CWE-328,2022,5,CWE-328,CWE-328,False
CWE-328,2023,8,CWE-328,CWE-328,False
CWE-328,2024,16,CWE-328,CWE-328,False
CWE-328,2025,20,CWE-328,CWE-328,False
CWE-329,2017,2,CWE-329,CWE-329,False
CWE-329,2020,1,CWE-329,CWE-329,False
CWE-329,2021,1,CWE-329,CWE-329,False
CWE-329,2022,2,CWE-329,CWE-329,False
CWE-329,2024,1,CWE-329,CWE-329,False
CWE-329,2025,1,CWE-329,CWE-329,False
CWE-330,2008,8,CWE-330,CWE-330,False
CWE-330,2009,2,CWE-330,CWE-330,False
CWE-330,2010,1,CWE-330,CWE-330,False
CWE-330,2012,1,CWE-330,CWE-330,False
CWE-330,2013,4,CWE-330,CWE-330,False
CWE-330,2014,1,CWE-330,CWE-330,False
CWE-330,2015,2,CWE-330,CWE-330,False
CWE-330,2016,4,CWE-330,CWE-330,False
CWE-330,2017,26,CWE-330,CWE-330,False
CWE-330,2018,16,CWE-330,CWE-330,False
CWE-330,2019,41,CWE-330,CWE-330,False
CWE-330,2020,55,CWE-330,CWE-330,False
CWE-330,2021,57,CWE-330,CWE-330,False
CWE-330,2022,48,CWE-330,CWE-330,False
CWE-330,2023,30,CWE-330,CWE-330,False
CWE-330,2024,28,CWE-330,CWE-330,False
CWE-330,2025,19,CWE-330,CWE-330,False
CWE-331,2001,1,CWE-331,CWE-331,False
CWE-331,2008,2,CWE-331,CWE-331,False
CWE-331,2012,1,CWE-331,CWE-331,False
CWE-331,2013,1,CWE-331,CWE-331,False
CWE-331,2014,2,CWE-331,CWE-331,False
CWE-331,2015,4,CWE-331,CWE-331,False
CWE-331,2016,2,CWE-331,CWE-331,False
CWE-331,2017,6,CWE-331,CWE-331,False
CWE-331,2018,6,CWE-331,CWE-331,False
CWE-331,2019,6,CWE-331,CWE-331,False
CWE-331,2020,9,CWE-331,CWE-331,False
CWE-331,2021,14,CWE-331,CWE-331,False
CWE-331,2022,9,CWE-331,CWE-331,False
CWE-331,2023,13,CWE-331,CWE-331,False
CWE-331,2024,19,CWE-331,CWE-331,False
CWE-331,2025,18,CWE-331,CWE-331,False
CWE-332,2014,2,CWE-332,CWE-332,False
CWE-332,2016,2,CWE-332,CWE-332,False
CWE-332,2017,2,CWE-332,CWE-332,False
CWE-332,2018,1,CWE-332,CWE-332,False
CWE-332,2019,1,CWE-332,CWE-332,False
CWE-332,2023,1,CWE-332,CWE-332,False
CWE-333,2025,1,CWE-333,CWE-333,False
CWE-334,2020,1,CWE-334,CWE-334,False
CWE-334,2021,1,CWE-334,CWE-334,False
CWE-334,2022,4,CWE-334,CWE-334,False
CWE-334,2023,2,CWE-334,CWE-334,False
CWE-334,2024,3,CWE-334,CWE-334,False
CWE-334,2025,1,CWE-334,CWE-334,False
CWE-335,2012,1,CWE-335,CWE-335,False
CWE-335,2016,2,CWE-335,CWE-335,False
CWE-335,2017,2,CWE-335,CWE-335,False
CWE-335,2018,4,CWE-335,CWE-335,False
CWE-335,2019,3,CWE-335,CWE-335,False
CWE-335,2020,3,CWE-335,CWE-335,False
CWE-335,2021,5,CWE-335,CWE-335,False
CWE-335,2022,6,CWE-335,CWE-335,False
CWE-335,2023,2,CWE-335,CWE-335,False
CWE-335,2024,7,CWE-335,CWE-335,False
CWE-335,2025,3,CWE-335,CWE-335,False
CWE-336,2021,1,CWE-336,CWE-336,False
CWE-337,2016,1,CWE-337,CWE-337,False
CWE-337,2020,1,CWE-337,CWE-337,False
CWE-337,2022,2,CWE-337,CWE-337,False
CWE-337,2023,1,CWE-337,CWE-337,False
CWE-337,2024,2,CWE-337,CWE-337,False
CWE-337,2025,4,CWE-337,CWE-337,False
CWE-338,2002,1,CWE-338,CWE-338,False
CWE-338,2008,2,CWE-338,CWE-338,False
CWE-338,2009,3,CWE-338,CWE-338,False
CWE-338,2011,1,CWE-338,CWE-338,False
CWE-338,2012,1,CWE-338,CWE-338,False
CWE-338,2013,1,CWE-338,CWE-338,False
CWE-338,2014,1,CWE-338,CWE-338,False
CWE-338,2015,1,CWE-338,CWE-338,False
CWE-338,2017,7,CWE-338,CWE-338,False
CWE-338,2018,16,CWE-338,CWE-338,False
CWE-338,2019,11,CWE-338,CWE-338,False
CWE-338,2020,4,CWE-338,CWE-338,False
CWE-338,2021,16,CWE-338,CWE-338,False
CWE-338,2022,14,CWE-338,CWE-338,False
CWE-338,2023,15,CWE-338,CWE-338,False
CWE-338,2024,23,CWE-338,CWE-338,False
CWE-338,2025,31,CWE-338,CWE-338,False
CWE-339,2024,1,CWE-339,CWE-339,False
CWE-34,2023,1,CWE-34,CWE-34,False
CWE-340,2020,1,CWE-340,CWE-340,False
CWE-340,2021,1,CWE-340,CWE-340,False
CWE-340,2024,6,CWE-340,CWE-340,False
CWE-340,2025,13,CWE-340,CWE-340,False
CWE-341,2018,1,CWE-341,CWE-341,False
CWE-341,2019,1,CWE-341,CWE-341,False
CWE-341,2020,2,CWE-341,CWE-341,False
CWE-341,2021,1,CWE-341,CWE-341,False
CWE-341,2023,1,CWE-341,CWE-341,False
CWE-341,2024,1,CWE-341,CWE-341,False
CWE-341,2025,3,CWE-341,CWE-341,False
CWE-342,2014,1,CWE-342,CWE-342,False
CWE-342,2020,2,CWE-342,CWE-342,False
CWE-342,2022,2,CWE-342,CWE-342,False
CWE-342,2023,1,CWE-342,CWE-342,False
CWE-343,2014,1,CWE-343,CWE-343,False
CWE-343,2017,2,CWE-343,CWE-343,False
CWE-344,2022,1,CWE-344,CWE-344,False
CWE-344,2023,1,CWE-344,CWE-344,False
CWE-345,2013,3,CWE-345,CWE-345,False
CWE-345,2014,7,CWE-345,CWE-345,False
CWE-345,2015,13,CWE-345,CWE-345,False
CWE-345,2016,12,CWE-345,CWE-345,False
CWE-345,2017,23,CWE-345,CWE-345,False
CWE-345,2018,12,CWE-345,CWE-345,False
CWE-345,2019,52,CWE-345,CWE-345,False
CWE-345,2020,51,CWE-345,CWE-345,False
CWE-345,2021,54,CWE-345,CWE-345,False
CWE-345,2022,70,CWE-345,CWE-345,False
CWE-345,2023,78,CWE-345,CWE-345,False
CWE-345,2024,53,CWE-345,CWE-345,False
CWE-345,2025,57,CWE-345,CWE-345,False
CWE-346,1999,1,CWE-346,CWE-346,False
CWE-346,2000,1,CWE-346,CWE-346,False
CWE-346,2001,1,CWE-346,CWE-346,False
CWE-346,2003,2,CWE-346,CWE-346,False
CWE-346,2005,1,CWE-346,CWE-346,False
CWE-346,2009,2,CWE-346,CWE-346,False
CWE-346,2011,5,CWE-346,CWE-346,False
CWE-346,2012,1,CWE-346,CWE-346,False
CWE-346,2014,3,CWE-346,CWE-346,False
CWE-346,2015,1,CWE-346,CWE-346,False
CWE-346,2016,3,CWE-346,CWE-346,False
CWE-346,2017,26,CWE-346,CWE-346,False
CWE-346,2018,21,CWE-346,CWE-346,False
CWE-346,2019,39,CWE-346,CWE-346,False
CWE-346,2020,33,CWE-346,CWE-346,False
CWE-346,2021,42,CWE-346,CWE-346,False
CWE-346,2022,37,CWE-346,CWE-346,False
CWE-346,2023,71,CWE-346,CWE-346,False
CWE-346,2024,64,CWE-346,CWE-346,False
CWE-346,2025,59,CWE-346,CWE-346,False
CWE-347,2002,2,CWE-347,CWE-347,False
CWE-347,2005,2,CWE-347,CWE-347,False
CWE-347,2011,2,CWE-347,CWE-347,False
CWE-347,2012,1,CWE-347,CWE-347,False
CWE-347,2013,1,CWE-347,CWE-347,False
CWE-347,2014,3,CWE-347,CWE-347,False
CWE-347,2015,2,CWE-347,CWE-347,False
CWE-347,2016,7,CWE-347,CWE-347,False
CWE-347,2017,21,CWE-347,CWE-347,False
CWE-347,2018,44,CWE-347,CWE-347,False
CWE-347,2019,47,CWE-347,CWE-347,False
CWE-347,2020,73,CWE-347,CWE-347,False
CWE-347,2021,80,CWE-347,CWE-347,False
CWE-347,2022,48,CWE-347,CWE-347,False
CWE-347,2023,72,CWE-347,CWE-347,False
CWE-347,2024,81,CWE-347,CWE-347,False
CWE-347,2025,85,CWE-347,CWE-347,False
CWE-348,2021,2,CWE-348,CWE-348,False
CWE-348,2022,10,CWE-348,CWE-348,False
CWE-348,2023,1,CWE-348,CWE-348,False
CWE-348,2024,8,CWE-348,CWE-348,False
CWE-348,2025,13,CWE-348,CWE-348,False
CWE-349,2018,1,CWE-349,CWE-349,False
CWE-349,2019,1,CWE-349,CWE-349,False
CWE-349,2020,2,CWE-349,CWE-349,False
CWE-349,2021,1,CWE-349,CWE-349,False
CWE-349,2023,4,CWE-349,CWE-349,False
CWE-349,2024,7,CWE-349,CWE-349,False
CWE-349,2025,13,CWE-349,CWE-349,False
CWE-35,2018,1,CWE-35,CWE-35,False
CWE-35,2020,2,CWE-35,CWE-35,False
CWE-35,2021,5,CWE-35,CWE-35,False
CWE-35,2022,6,CWE-35,CWE-35,False
CWE-35,2023,13,CWE-35,CWE-35,False
CWE-35,2024,41,CWE-35,CWE-35,False
CWE-35,2025,71,CWE-35,CWE-35,False
CWE-350,2017,1,CWE-350,CWE-350,False
CWE-350,2018,1,CWE-350,CWE-350,False
CWE-350,2020,1,CWE-350,CWE-350,False
CWE-350,2021,2,CWE-350,CWE-350,False
CWE-350,2022,1,CWE-350,CWE-350,False
CWE-350,2023,2,CWE-350,CWE-350,False
CWE-350,2024,2,CWE-350,CWE-350,False
CWE-350,2025,5,CWE-350,CWE-350,False
CWE-351,2020,1,CWE-351,CWE-351,False
CWE-351,2022,1,CWE-351,CWE-351,False
CWE-351,2023,2,CWE-351,CWE-351,False
CWE-351,2024,2,CWE-351,CWE-351,False
CWE-351,2025,6,CWE-351,CWE-351,False
CWE-352,2002,1,CSRF,CWE-352 - CSRF,True
CWE-352,2004,4,CSRF,CWE-352 - CSRF,True
CWE-352,2005,4,CSRF,CWE-352 - CSRF,True
CWE-352,2006,3,CSRF,CWE-352 - CSRF,True
CWE-352,2007,42,CSRF,CWE-352 - CSRF,True
CWE-352,2008,119,CSRF,CWE-352 - CSRF,True
CWE-352,2009,84,CSRF,CWE-352 - CSRF,True
CWE-352,2010,76,CSRF,CWE-352 - CSRF,True
CWE-352,2011,89,CSRF,CWE-352 - CSRF,True
CWE-352,2012,166,CSRF,CWE-352 - CSRF,True
CWE-352,2013,195,CSRF,CWE-352 - CSRF,True
CWE-352,2014,245,CSRF,CWE-352 - CSRF,True
CWE-352,2015,286,CSRF,CWE-352 - CSRF,True
CWE-352,2016,187,CSRF,CWE-352 - CSRF,True
CWE-352,2017,286,CSRF,CWE-352 - CSRF,True
CWE-352,2018,466,CSRF,CWE-352 - CSRF,True
CWE-352,2019,440,CSRF,CWE-352 - CSRF,True
CWE-352,2020,493,CSRF,CWE-352 - CSRF,True
CWE-352,2021,502,CSRF,CWE-352 - CSRF,True
CWE-352,2022,731,CSRF,CWE-352 - CSRF,True
CWE-352,2023,1183,CSRF,CWE-352 - CSRF,True
CWE-352,2024,1493,CSRF,CWE-352 - CSRF,True
CWE-352,2025,1649,CSRF,CWE-352 - CSRF,True
CWE-353,2019,4,CWE-353,CWE-353,False
CWE-353,2020,7,CWE-353,CWE-353,False
CWE-353,2021,5,CWE-353,CWE-353,False
CWE-353,2022,2,CWE-353,CWE-353,False
CWE-353,2023,3,CWE-353,CWE-353,False
CWE-353,2024,4,CWE-353,CWE-353,False
CWE-353,2025,6,CWE-353,CWE-353,False
CWE-354,2012,1,CWE-354,CWE-354,False
CWE-354,2016,1,CWE-354,CWE-354,False
CWE-354,2017,9,CWE-354,CWE-354,False
CWE-354,2018,5,CWE-354,CWE-354,False
CWE-354,2019,9,CWE-354,CWE-354,False
CWE-354,2020,23,CWE-354,CWE-354,False
CWE-354,2021,11,CWE-354,CWE-354,False
CWE-354,2022,20,CWE-354,CWE-354,False
CWE-354,2023,26,CWE-354,CWE-354,False
CWE-354,2024,23,CWE-354,CWE-354,False
CWE-354,2025,12,CWE-354,CWE-354,False
CWE-355,2022,1,CWE-355,CWE-355,False
CWE-356,2018,3,CWE-356,CWE-356,False
CWE-356,2019,5,CWE-356,CWE-356,False
CWE-356,2022,3,CWE-356,CWE-356,False
CWE-356,2024,4,CWE-356,CWE-356,False
CWE-356,2025,14,CWE-356,CWE-356,False
CWE-357,2019,1,CWE-357,CWE-357,False
CWE-357,2021,1,CWE-357,CWE-357,False
CWE-357,2022,1,CWE-357,CWE-357,False
CWE-357,2024,8,CWE-357,CWE-357,False
CWE-357,2025,6,CWE-357,CWE-357,False
CWE-358,2014,1,CWE-358,CWE-358,False
CWE-358,2016,6,CWE-358,CWE-358,False
CWE-358,2017,15,CWE-358,CWE-358,False
CWE-358,2018,8,CWE-358,CWE-358,False
CWE-358,2019,4,CWE-358,CWE-358,False
CWE-358,2020,8,CWE-358,CWE-358,False
CWE-358,2021,8,CWE-358,CWE-358,False
CWE-358,2022,6,CWE-358,CWE-358,False
CWE-358,2023,8,CWE-358,CWE-358,False
CWE-358,2024,20,CWE-358,CWE-358,False
CWE-358,2025,16,CWE-358,CWE-358,False
CWE-359,2017,1,CWE-359,CWE-359,False
CWE-359,2019,1,CWE-359,CWE-359,False
CWE-359,2020,1,CWE-359,CWE-359,False
CWE-359,2021,6,CWE-359,CWE-359,False
CWE-359,2022,16,CWE-359,CWE-359,False
CWE-359,2023,26,CWE-359,CWE-359,False
CWE-359,2024,47,CWE-359,CWE-359,False
CWE-359,2025,60,CWE-359,CWE-359,False
CWE-36,2017,1,CWE-36,CWE-36,False
CWE-36,2018,1,CWE-36,CWE-36,False
CWE-36,2021,9,CWE-36,CWE-36,False
CWE-36,2022,4,CWE-36,CWE-36,False
CWE-36,2023,15,CWE-36,CWE-36,False
CWE-36,2024,40,CWE-36,CWE-36,False
CWE-36,2025,31,CWE-36,CWE-36,False
CWE-360,2017,1,CWE-360,CWE-360,False
CWE-360,2024,1,CWE-360,CWE-360,False
CWE-361,2015,1,CWE-361,CWE-361,False
CWE-361,2016,6,CWE-361,CWE-361,False
CWE-362,1999,1,Race Condition,CWE-362 - Race Condition,False
CWE-362,2000,1,Race Condition,CWE-362 - Race Condition,False
CWE-362,2002,2,Race Condition,CWE-362 - Race Condition,False
CWE-362,2003,2,Race Condition,CWE-362 - Race Condition,False
CWE-362,2004,4,Race Condition,CWE-362 - Race Condition,False
CWE-362,2005,3,Race Condition,CWE-362 - Race Condition,False
CWE-362,2006,7,Race Condition,CWE-362 - Race Condition,False
CWE-362,2007,20,Race Condition,CWE-362 - Race Condition,False
CWE-362,2008,26,Race Condition,CWE-362 - Race Condition,False
CWE-362,2009,33,Race Condition,CWE-362 - Race Condition,False
CWE-362,2010,70,Race Condition,CWE-362 - Race Condition,False
CWE-362,2011,28,Race Condition,CWE-362 - Race Condition,False
CWE-362,2012,29,Race Condition,CWE-362 - Race Condition,False
CWE-362,2013,62,Race Condition,CWE-362 - Race Condition,False
CWE-362,2014,56,Race Condition,CWE-362 - Race Condition,False
CWE-362,2015,71,Race Condition,CWE-362 - Race Condition,False
CWE-362,2016,66,Race Condition,CWE-362 - Race Condition,False
CWE-362,2017,117,Race Condition,CWE-362 - Race Condition,False
CWE-362,2018,96,Race Condition,CWE-362 - Race Condition,False
CWE-362,2019,92,Race Condition,CWE-362 - Race Condition,False
CWE-362,2020,164,Race Condition,CWE-362 - Race Condition,False
CWE-362,2021,160,Race Condition,CWE-362 - Race Condition,False
CWE-362,2022,298,Race Condition,CWE-362 - Race Condition,False
CWE-362,2023,200,Race Condition,CWE-362 - Race Condition,False
CWE-362,2024,236,Race Condition,CWE-362 - Race Condition,False
CWE-362,2025,236,Race Condition,CWE-362 - Race Condition,False
CWE-363,2018,1,CWE-363,CWE-363,False
CWE-363,2022,1,CWE-363,CWE-363,False
CWE-363,2024,2,CWE-363,CWE-363,False
CWE-363,2025,6,CWE-363,CWE-363,False
CWE-364,2019,1,CWE-364,CWE-364,False
CWE-364,2020,1,CWE-364,CWE-364,False
CWE-364,2023,2,CWE-364,CWE-364,False
CWE-364,2024,3,CWE-364,CWE-364,False
CWE-364,2025,2,CWE-364,CWE-364,False
CWE-366,2015,1,CWE-366,CWE-366,False
CWE-366,2020,1,CWE-366,CWE-366,False
CWE-366,2021,1,CWE-366,CWE-366,False
CWE-366,2022,1,CWE-366,CWE-366,False
CWE-366,2023,4,CWE-366,CWE-366,False
CWE-366,2024,3,CWE-366,CWE-366,False
CWE-366,2025,2,CWE-366,CWE-366,False
CWE-367,2003,1,CWE-367,CWE-367,False
CWE-367,2004,1,CWE-367,CWE-367,False
CWE-367,2005,1,CWE-367,CWE-367,False
CWE-367,2011,2,CWE-367,CWE-367,False
CWE-367,2012,1,CWE-367,CWE-367,False
CWE-367,2013,2,CWE-367,CWE-367,False
CWE-367,2015,3,CWE-367,CWE-367,False
CWE-367,2017,7,CWE-367,CWE-367,False
CWE-367,2018,6,CWE-367,CWE-367,False
CWE-367,2019,23,CWE-367,CWE-367,False
CWE-367,2020,46,CWE-367,CWE-367,False
CWE-367,2021,43,CWE-367,CWE-367,False
CWE-367,2022,110,CWE-367,CWE-367,False
CWE-367,2023,63,CWE-367,CWE-367,False
CWE-367,2024,98,CWE-367,CWE-367,False
CWE-367,2025,87,CWE-367,CWE-367,False
CWE-368,2020,1,CWE-368,CWE-368,False
CWE-368,2021,2,CWE-368,CWE-368,False
CWE-368,2022,1,CWE-368,CWE-368,False
CWE-368,2024,1,CWE-368,CWE-368,False
CWE-369,2004,1,CWE-369,CWE-369,False
CWE-369,2006,1,CWE-369,CWE-369,False
CWE-369,2007,3,CWE-369,CWE-369,False
CWE-369,2009,1,CWE-369,CWE-369,False
CWE-369,2010,1,CWE-369,CWE-369,False
CWE-369,2011,1,CWE-369,CWE-369,False
CWE-369,2012,1,CWE-369,CWE-369,False
CWE-369,2014,3,CWE-369,CWE-369,False
CWE-369,2015,4,CWE-369,CWE-369,False
CWE-369,2016,22,CWE-369,CWE-369,False
CWE-369,2017,44,CWE-369,CWE-369,False
CWE-369,2018,29,CWE-369,CWE-369,False
CWE-369,2019,28,CWE-369,CWE-369,False
CWE-369,2020,30,CWE-369,CWE-369,False
CWE-369,2021,90,CWE-369,CWE-369,False
CWE-369,2022,25,CWE-369,CWE-369,False
CWE-369,2023,33,CWE-369,CWE-369,False
CWE-369,2024,47,CWE-369,CWE-369,False
CWE-369,2025,39,CWE-369,CWE-369,False
CWE-37,2018,1,CWE-37,CWE-37,False
CWE-37,2022,2,CWE-37,CWE-37,False
CWE-37,2023,2,CWE-37,CWE-37,False
CWE-37,2024,1,CWE-37,CWE-37,False
CWE-370,2025,1,CWE-370,CWE-370,False
CWE-371,2018,1,CWE-371,CWE-371,False
CWE-371,2019,1,CWE-371,CWE-371,False
CWE-371,2020,4,CWE-371,CWE-371,False
CWE-371,2024,1,CWE-371,CWE-371,False
CWE-372,2020,1,CWE-372,CWE-372,False
CWE-372,2021,1,CWE-372,CWE-372,False
CWE-372,2023,3,CWE-372,CWE-372,False
CWE-372,2024,1,CWE-372,CWE-372,False
CWE-374,2024,1,CWE-374,CWE-374,False
CWE-377,2011,1,CWE-377,CWE-377,False
CWE-377,2012,1,CWE-377,CWE-377,False
CWE-377,2013,2,CWE-377,CWE-377,False
CWE-377,2015,2,CWE-377,CWE-377,False
CWE-377,2016,1,CWE-377,CWE-377,False
CWE-377,2017,5,CWE-377,CWE-377,False
CWE-377,2018,11,CWE-377,CWE-377,False
CWE-377,2020,12,CWE-377,CWE-377,False
CWE-377,2021,5,CWE-377,CWE-377,False
CWE-377,2022,14,CWE-377,CWE-377,False
CWE-377,2023,7,CWE-377,CWE-377,False
CWE-377,2024,7,CWE-377,CWE-377,False
CWE-377,2025,8,CWE-377,CWE-377,False
CWE-378,2016,1,CWE-378,CWE-378,False
CWE-378,2020,2,CWE-378,CWE-378,False
CWE-378,2021,14,CWE-378,CWE-378,False
CWE-378,2022,2,CWE-378,CWE-378,False
CWE-378,2023,5,CWE-378,CWE-378,False
CWE-378,2024,6,CWE-378,CWE-378,False
CWE-378,2025,9,CWE-378,CWE-378,False
CWE-379,2016,1,CWE-379,CWE-379,False
CWE-379,2020,3,CWE-379,CWE-379,False
CWE-379,2021,19,CWE-379,CWE-379,False
CWE-379,2022,3,CWE-379,CWE-379,False
CWE-379,2023,11,CWE-379,CWE-379,False
CWE-379,2024,5,CWE-379,CWE-379,False
CWE-379,2025,7,CWE-379,CWE-379,False
CWE-384,1999,1,CWE-384,CWE-384,False
CWE-384,2001,1,CWE-384,CWE-384,False
CWE-384,2007,1,CWE-384,CWE-384,False
CWE-384,2008,1,CWE-384,CWE-384,False
CWE-384,2010,2,CWE-384,CWE-384,False
CWE-384,2013,3,CWE-384,CWE-384,False
CWE-384,2014,4,CWE-384,CWE-384,False
CWE-384,2015,4,CWE-384,CWE-384,False
CWE-384,2016,12,CWE-384,CWE-384,False
CWE-384,2017,27,CWE-384,CWE-384,False
CWE-384,2018,50,CWE-384,CWE-384,False
CWE-384,2019,41,CWE-384,CWE-384,False
CWE-384,2020,37,CWE-384,CWE-384,False
CWE-384,2021,22,CWE-384,CWE-384,False
CWE-384,2022,38,CWE-384,CWE-384,False
CWE-384,2023,50,CWE-384,CWE-384,False
CWE-384,2024,37,CWE-384,CWE-384,False
CWE-384,2025,38,CWE-384,CWE-384,False
CWE-385,2016,1,CWE-385,CWE-385,False
CWE-385,2017,1,CWE-385,CWE-385,False
CWE-385,2018,3,CWE-385,CWE-385,False
CWE-385,2019,2,CWE-385,CWE-385,False
CWE-385,2020,7,CWE-385,CWE-385,False
CWE-385,2022,1,CWE-385,CWE-385,False
CWE-385,2023,3,CWE-385,CWE-385,False
CWE-385,2024,9,CWE-385,CWE-385,False
CWE-385,2025,9,CWE-385,CWE-385,False
CWE-386,2024,1,CWE-386,CWE-386,False
CWE-388,2006,1,CWE-388,CWE-388,False
CWE-388,2014,3,CWE-388,CWE-388,False
CWE-388,2015,2,CWE-388,CWE-388,False
CWE-388,2016,14,CWE-388,CWE-388,False
CWE-388,2017,7,CWE-388,CWE-388,False
CWE-388,2018,5,CWE-388,CWE-388,False
CWE-388,2019,4,CWE-388,CWE-388,False
CWE-388,2020,3,CWE-388,CWE-388,False
CWE-388,2023,1,CWE-388,CWE-388,False
CWE-39,2017,1,CWE-39,CWE-39,False
CWE-390,2017,1,CWE-390,CWE-390,False
CWE-390,2019,1,CWE-390,CWE-390,False
CWE-390,2021,1,CWE-390,CWE-390,False
CWE-390,2024,6,CWE-390,CWE-390,False
CWE-390,2025,4,CWE-390,CWE-390,False
CWE-391,2016,1,CWE-391,CWE-391,False
CWE-391,2017,13,CWE-391,CWE-391,False
CWE-391,2018,1,CWE-391,CWE-391,False
CWE-391,2019,1,CWE-391,CWE-391,False
CWE-391,2020,1,CWE-391,CWE-391,False
CWE-391,2022,2,CWE-391,CWE-391,False
CWE-391,2023,2,CWE-391,CWE-391,False
CWE-391,2024,2,CWE-391,CWE-391,False
CWE-392,2017,1,CWE-392,CWE-392,False
CWE-392,2023,3,CWE-392,CWE-392,False
CWE-392,2024,2,CWE-392,CWE-392,False
CWE-392,2025,4,CWE-392,CWE-392,False
CWE-393,2020,1,CWE-393,CWE-393,False
CWE-393,2023,1,CWE-393,CWE-393,False
CWE-393,2024,1,CWE-393,CWE-393,False
CWE-393,2025,2,CWE-393,CWE-393,False
CWE-394,2018,1,CWE-394,CWE-394,False
CWE-394,2019,2,CWE-394,CWE-394,False
CWE-394,2022,1,CWE-394,CWE-394,False
CWE-394,2023,3,CWE-394,CWE-394,False
CWE-394,2024,1,CWE-394,CWE-394,False
CWE-394,2025,5,CWE-394,CWE-394,False
CWE-395,2022,4,CWE-395,CWE-395,False
CWE-395,2023,4,CWE-395,CWE-395,False
CWE-395,2024,6,CWE-395,CWE-395,False
CWE-395,2025,2,CWE-395,CWE-395,False
CWE-399,2000,1,Resource Management Errors,CWE-399 - Resource Management Errors,False
CWE-399,2001,1,Resource Management Errors,CWE-399 - Resource Management Errors,False
CWE-399,2002,6,Resource Management Errors,CWE-399 - Resource Management Errors,False
CWE-399,2003,7,Resource Management Errors,CWE-399 - Resource Management Errors,False
CWE-399,2004,5,Resource Management Errors,CWE-399 - Resource Management Errors,False
CWE-399,2005,31,Resource Management Errors,CWE-399 - Resource Management Errors,False
CWE-399,2006,78,Resource Management Errors,CWE-399 - Resource Management Errors,False
CWE-399,2007,116,Resource Management Errors,CWE-399 - Resource Management Errors,False
CWE-399,2008,301,Resource Management Errors,CWE-399 - Resource Management Errors,False
CWE-399,2009,210,Resource Management Errors,CWE-399 - Resource Management Errors,False
CWE-399,2010,217,Resource Management Errors,CWE-399 - Resource Management Errors,False
CWE-399,2011,277,Resource Management Errors,CWE-399 - Resource Management Errors,False
CWE-399,2012,219,Resource Management Errors,CWE-399 - Resource Management Errors,False
CWE-399,2013,263,Resource Management Errors,CWE-399 - Resource Management Errors,False
CWE-399,2014,241,Resource Management Errors,CWE-399 - Resource Management Errors,False
CWE-399,2015,356,Resource Management Errors,CWE-399 - Resource Management Errors,False
CWE-399,2016,204,Resource Management Errors,CWE-399 - Resource Management Errors,False
CWE-399,2017,44,Resource Management Errors,CWE-399 - Resource Management Errors,False
CWE-399,2018,46,Resource Management Errors,CWE-399 - Resource Management Errors,False
CWE-399,2019,28,Resource Management Errors,CWE-399 - Resource Management Errors,False
CWE-399,2020,7,Resource Management Errors,CWE-399 - Resource Management Errors,False
CWE-399,2021,13,Resource Management Errors,CWE-399 - Resource Management Errors,False
CWE-399,2022,16,Resource Management Errors,CWE-399 - Resource Management Errors,False
CWE-399,2023,4,Resource Management Errors,CWE-399 - Resource Management Errors,False
CWE-399,2024,3,Resource Management Errors,CWE-399 - Resource Management Errors,False
CWE-40,2021,1,CWE-40,CWE-40,False
CWE-40,2023,1,CWE-40,CWE-40,False
CWE-40,2025,1,CWE-40,CWE-40,False
CWE-400,2001,2,Uncontrolled Resource Consumption,CWE-400 - Uncontrolled Resource Consumption,False
CWE-400,2002,4,Uncontrolled Resource Consumption,CWE-400 - Uncontrolled Resource Consumption,False
CWE-400,2003,1,Uncontrolled Resource Consumption,CWE-400 - Uncontrolled Resource Consumption,False
CWE-400,2004,2,Uncontrolled Resource Consumption,CWE-400 - Uncontrolled Resource Consumption,False
CWE-400,2005,3,Uncontrolled Resource Consumption,CWE-400 - Uncontrolled Resource Consumption,False
CWE-400,2006,7,Uncontrolled Resource Consumption,CWE-400 - Uncontrolled Resource Consumption,False
CWE-400,2007,5,Uncontrolled Resource Consumption,CWE-400 - Uncontrolled Resource Consumption,False
CWE-400,2008,4,Uncontrolled Resource Consumption,CWE-400 - Uncontrolled Resource Consumption,False
CWE-400,2009,8,Uncontrolled Resource Consumption,CWE-400 - Uncontrolled Resource Consumption,False
CWE-400,2010,11,Uncontrolled Resource Consumption,CWE-400 - Uncontrolled Resource Consumption,False
CWE-400,2011,20,Uncontrolled Resource Consumption,CWE-400 - Uncontrolled Resource Consumption,False
CWE-400,2012,20,Uncontrolled Resource Consumption,CWE-400 - Uncontrolled Resource Consumption,False
CWE-400,2013,11,Uncontrolled Resource Consumption,CWE-400 - Uncontrolled Resource Consumption,False
CWE-400,2014,27,Uncontrolled Resource Consumption,CWE-400 - Uncontrolled Resource Consumption,False
CWE-400,2015,16,Uncontrolled Resource Consumption,CWE-400 - Uncontrolled Resource Consumption,False
CWE-400,2016,52,Uncontrolled Resource Consumption,CWE-400 - Uncontrolled Resource Consumption,False
CWE-400,2017,154,Uncontrolled Resource Consumption,CWE-400 - Uncontrolled Resource Consumption,False
CWE-400,2018,198,Uncontrolled Resource Consumption,CWE-400 - Uncontrolled Resource Consumption,False
CWE-400,2019,147,Uncontrolled Resource Consumption,CWE-400 - Uncontrolled Resource Consumption,False
CWE-400,2020,220,Uncontrolled Resource Consumption,CWE-400 - Uncontrolled Resource Consumption,False
CWE-400,2021,243,Uncontrolled Resource Consumption,CWE-400 - Uncontrolled Resource Consumption,False
CWE-400,2022,289,Uncontrolled Resource Consumption,CWE-400 - Uncontrolled Resource Consumption,False
CWE-400,2023,411,Uncontrolled Resource Consumption,CWE-400 - Uncontrolled Resource Consumption,False
CWE-400,2024,407,Uncontrolled Resource Consumption,CWE-400 - Uncontrolled Resource Consumption,False
CWE-400,2025,379,Uncontrolled Resource Consumption,CWE-400 - Uncontrolled Resource Consumption,False
CWE-401,2001,2,Memory Leak,CWE-401 - Memory Leak,False
CWE-401,2002,1,Memory Leak,CWE-401 - Memory Leak,False
CWE-401,2004,2,Memory Leak,CWE-401 - Memory Leak,False
CWE-401,2005,2,Memory Leak,CWE-401 - Memory Leak,False
CWE-401,2007,1,Memory Leak,CWE-401 - Memory Leak,False
CWE-401,2008,1,Memory Leak,CWE-401 - Memory Leak,False
CWE-401,2009,3,Memory Leak,CWE-401 - Memory Leak,False
CWE-401,2010,2,Memory Leak,CWE-401 - Memory Leak,False
CWE-401,2015,1,Memory Leak,CWE-401 - Memory Leak,False
CWE-401,2016,7,Memory Leak,CWE-401 - Memory Leak,False
CWE-401,2017,12,Memory Leak,CWE-401 - Memory Leak,False
CWE-401,2018,11,Memory Leak,CWE-401 - Memory Leak,False
CWE-401,2019,132,Memory Leak,CWE-401 - Memory Leak,False
CWE-401,2020,104,Memory Leak,CWE-401 - Memory Leak,False
CWE-401,2021,223,Memory Leak,CWE-401 - Memory Leak,False
CWE-401,2022,405,Memory Leak,CWE-401 - Memory Leak,False
CWE-401,2023,242,Memory Leak,CWE-401 - Memory Leak,False
CWE-401,2024,219,Memory Leak,CWE-401 - Memory Leak,False
CWE-401,2025,154,Memory Leak,CWE-401 - Memory Leak,False
CWE-402,2017,1,CWE-402,CWE-402,False
CWE-402,2021,4,CWE-402,CWE-402,False
CWE-402,2022,2,CWE-402,CWE-402,False
CWE-402,2023,3,CWE-402,CWE-402,False
CWE-402,2024,4,CWE-402,CWE-402,False
CWE-402,2025,9,CWE-402,CWE-402,False
CWE-403,2024,2,CWE-403,CWE-403,False
CWE-403,2025,2,CWE-403,CWE-403,False
CWE-404,2010,2,CWE-404,CWE-404,False
CWE-404,2012,1,CWE-404,CWE-404,False
CWE-404,2013,3,CWE-404,CWE-404,False
CWE-404,2014,1,CWE-404,CWE-404,False
CWE-404,2015,4,CWE-404,CWE-404,False
CWE-404,2016,3,CWE-404,CWE-404,False
CWE-404,2017,22,CWE-404,CWE-404,False
CWE-404,2018,45,CWE-404,CWE-404,False
CWE-404,2019,22,CWE-404,CWE-404,False
CWE-404,2020,34,CWE-404,CWE-404,False
CWE-404,2021,26,CWE-404,CWE-404,False
CWE-404,2022,75,CWE-404,CWE-404,False
CWE-404,2023,68,CWE-404,CWE-404,False
CWE-404,2024,103,CWE-404,CWE-404,False
CWE-404,2025,144,CWE-404,CWE-404,False
CWE-405,2018,1,CWE-405,CWE-405,False
CWE-405,2019,1,CWE-405,CWE-405,False
CWE-405,2021,2,CWE-405,CWE-405,False
CWE-405,2023,1,CWE-405,CWE-405,False
CWE-405,2024,11,CWE-405,CWE-405,False
CWE-405,2025,16,CWE-405,CWE-405,False
CWE-406,2014,1,CWE-406,CWE-406,False
CWE-406,2019,1,CWE-406,CWE-406,False
CWE-406,2020,1,CWE-406,CWE-406,False
CWE-406,2021,6,CWE-406,CWE-406,False
CWE-406,2022,1,CWE-406,CWE-406,False
CWE-406,2023,3,CWE-406,CWE-406,False
CWE-406,2024,1,CWE-406,CWE-406,False
CWE-406,2025,1,CWE-406,CWE-406,False
CWE-407,2016,1,CWE-407,CWE-407,False
CWE-407,2017,1,CWE-407,CWE-407,False
CWE-407,2018,1,CWE-407,CWE-407,False
CWE-407,2019,1,CWE-407,CWE-407,False
CWE-407,2020,2,CWE-407,CWE-407,False
CWE-407,2021,2,CWE-407,CWE-407,False
CWE-407,2022,5,CWE-407,CWE-407,False
CWE-407,2023,11,CWE-407,CWE-407,False
CWE-407,2024,15,CWE-407,CWE-407,False
CWE-407,2025,14,CWE-407,CWE-407,False
CWE-408,2020,1,CWE-408,CWE-408,False
CWE-408,2022,1,CWE-408,CWE-408,False
CWE-409,2017,1,CWE-409,CWE-409,False
CWE-409,2022,2,CWE-409,CWE-409,False
CWE-409,2023,3,CWE-409,CWE-409,False
CWE-409,2024,12,CWE-409,CWE-409,False
CWE-409,2025,11,CWE-409,CWE-409,False
CWE-41,2022,1,CWE-41,CWE-41,False
CWE-41,2023,2,CWE-41,CWE-41,False
CWE-41,2024,5,CWE-41,CWE-41,False
CWE-41,2025,13,CWE-41,CWE-41,False
CWE-410,2018,1,CWE-410,CWE-410,False
CWE-410,2019,2,CWE-410,CWE-410,False
CWE-410,2021,1,CWE-410,CWE-410,False
CWE-410,2022,5,CWE-410,CWE-410,False
CWE-410,2023,2,CWE-410,CWE-410,False
CWE-410,2024,1,CWE-410,CWE-410,False
CWE-410,2025,6,CWE-410,CWE-410,False
CWE-412,2019,2,CWE-412,CWE-412,False
CWE-412,2023,2,CWE-412,CWE-412,False
CWE-413,2019,2,CWE-413,CWE-413,False
CWE-413,2022,2,CWE-413,CWE-413,False
CWE-413,2023,5,CWE-413,CWE-413,False
CWE-413,2025,2,CWE-413,CWE-413,False
CWE-414,2023,1,CWE-414,CWE-414,False
CWE-414,2025,1,CWE-414,CWE-414,False
CWE-415,2002,1,CWE-415,CWE-415,False
CWE-415,2003,3,CWE-415,CWE-415,False
CWE-415,2004,3,CWE-415,CWE-415,False
CWE-415,2005,2,CWE-415,CWE-415,False
CWE-415,2006,1,CWE-415,CWE-415,False
CWE-415,2007,2,CWE-415,CWE-415,False
CWE-415,2008,1,CWE-415,CWE-415,False
CWE-415,2009,1,CWE-415,CWE-415,False
CWE-415,2010,3,CWE-415,CWE-415,False
CWE-415,2011,5,CWE-415,CWE-415,False
CWE-415,2014,6,CWE-415,CWE-415,False
CWE-415,2015,12,CWE-415,CWE-415,False
CWE-415,2016,13,CWE-415,CWE-415,False
CWE-415,2017,49,CWE-415,CWE-415,False
CWE-415,2018,63,CWE-415,CWE-415,False
CWE-415,2019,57,CWE-415,CWE-415,False
CWE-415,2020,49,CWE-415,CWE-415,False
CWE-415,2021,97,CWE-415,CWE-415,False
CWE-415,2022,88,CWE-415,CWE-415,False
CWE-415,2023,73,CWE-415,CWE-415,False
CWE-415,2024,95,CWE-415,CWE-415,False
CWE-415,2025,75,CWE-415,CWE-415,False
CWE-416,2006,2,Use After Free,CWE-416 - Use After Free,False
CWE-416,2007,1,Use After Free,CWE-416 - Use After Free,False
CWE-416,2008,3,Use After Free,CWE-416 - Use After Free,False
CWE-416,2009,8,Use After Free,CWE-416 - Use After Free,False
CWE-416,2010,30,Use After Free,CWE-416 - Use After Free,False
CWE-416,2011,97,Use After Free,CWE-416 - Use After Free,False
CWE-416,2012,42,Use After Free,CWE-416 - Use After Free,False
CWE-416,2013,47,Use After Free,CWE-416 - Use After Free,False
CWE-416,2014,36,Use After Free,CWE-416 - Use After Free,False
CWE-416,2015,62,Use After Free,CWE-416 - Use After Free,False
CWE-416,2016,205,Use After Free,CWE-416 - Use After Free,False
CWE-416,2017,329,Use After Free,CWE-416 - Use After Free,False
CWE-416,2018,500,Use After Free,CWE-416 - Use After Free,False
CWE-416,2019,470,Use After Free,CWE-416 - Use After Free,False
CWE-416,2020,402,Use After Free,CWE-416 - Use After Free,False
CWE-416,2021,792,Use After Free,CWE-416 - Use After Free,False
CWE-416,2022,878,Use After Free,CWE-416 - Use After Free,False
CWE-416,2023,809,Use After Free,CWE-416 - Use After Free,False
CWE-416,2024,940,Use After Free,CWE-416 - Use After Free,False
CWE-416,2025,765,Use After Free,CWE-416 - Use After Free,False
CWE-417,2016,1,CWE-417,CWE-417,False
CWE-417,2017,7,CWE-417,CWE-417,False
CWE-417,2018,5,CWE-417,CWE-417,False
CWE-417,2019,2,CWE-417,CWE-417,False
CWE-419,2018,2,CWE-419,CWE-419,False
CWE-419,2019,1,CWE-419,CWE-419,False
CWE-419,2022,1,CWE-419,CWE-419,False
CWE-419,2023,2,CWE-419,CWE-419,False
CWE-419,2024,4,CWE-419,CWE-419,False
CWE-419,2025,1,CWE-419,CWE-419,False
CWE-420,2020,1,CWE-420,CWE-420,False
CWE-420,2022,2,CWE-420,CWE-420,False
CWE-420,2023,9,CWE-420,CWE-420,False
CWE-420,2024,5,CWE-420,CWE-420,False
CWE-420,2025,13,CWE-420,CWE-420,False
CWE-421,2023,8,CWE-421,CWE-421,False
CWE-422,2025,2,CWE-422,CWE-422,False
CWE-424,2019,2,CWE-424,CWE-424,False
CWE-424,2021,1,CWE-424,CWE-424,False
CWE-424,2022,3,CWE-424,CWE-424,False
CWE-424,2023,5,CWE-424,CWE-424,False
CWE-424,2024,6,CWE-424,CWE-424,False
CWE-424,2025,11,CWE-424,CWE-424,False
CWE-425,2002,1,CWE-425,CWE-425,False
CWE-425,2004,2,CWE-425,CWE-425,False
CWE-425,2005,8,CWE-425,CWE-425,False
CWE-425,2015,2,CWE-425,CWE-425,False
CWE-425,2016,1,CWE-425,CWE-425,False
CWE-425,2017,9,CWE-425,CWE-425,False
CWE-425,2018,18,CWE-425,CWE-425,False
CWE-425,2019,31,CWE-425,CWE-425,False
CWE-425,2020,14,CWE-425,CWE-425,False
CWE-425,2021,20,CWE-425,CWE-425,False
CWE-425,2022,37,CWE-425,CWE-425,False
CWE-425,2023,18,CWE-425,CWE-425,False
CWE-425,2024,18,CWE-425,CWE-425,False
CWE-425,2025,29,CWE-425,CWE-425,False
CWE-426,2008,2,CWE-426,CWE-426,False
CWE-426,2009,1,CWE-426,CWE-426,False
CWE-426,2010,5,CWE-426,CWE-426,False
CWE-426,2011,5,CWE-426,CWE-426,False
CWE-426,2012,2,CWE-426,CWE-426,False
CWE-426,2013,3,CWE-426,CWE-426,False
CWE-426,2014,3,CWE-426,CWE-426,False
CWE-426,2015,6,CWE-426,CWE-426,False
CWE-426,2016,22,CWE-426,CWE-426,False
CWE-426,2017,132,CWE-426,CWE-426,False
CWE-426,2018,85,CWE-426,CWE-426,False
CWE-426,2019,58,CWE-426,CWE-426,False
CWE-426,2020,41,CWE-426,CWE-426,False
CWE-426,2021,24,CWE-426,CWE-426,False
CWE-426,2022,22,CWE-426,CWE-426,False
CWE-426,2023,52,CWE-426,CWE-426,False
CWE-426,2024,58,CWE-426,CWE-426,False
CWE-426,2025,61,CWE-426,CWE-426,False
CWE-427,2005,1,DLL Hijacking,CWE-427 - DLL Hijacking,False
CWE-427,2013,1,DLL Hijacking,CWE-427 - DLL Hijacking,False
CWE-427,2014,1,DLL Hijacking,CWE-427 - DLL Hijacking,False
CWE-427,2015,1,DLL Hijacking,CWE-427 - DLL Hijacking,False
CWE-427,2016,3,DLL Hijacking,CWE-427 - DLL Hijacking,False
CWE-427,2017,49,DLL Hijacking,CWE-427 - DLL Hijacking,False
CWE-427,2018,24,DLL Hijacking,CWE-427 - DLL Hijacking,False
CWE-427,2019,84,DLL Hijacking,CWE-427 - DLL Hijacking,False
CWE-427,2020,119,DLL Hijacking,CWE-427 - DLL Hijacking,False
CWE-427,2021,114,DLL Hijacking,CWE-427 - DLL Hijacking,False
CWE-427,2022,155,DLL Hijacking,CWE-427 - DLL Hijacking,False
CWE-427,2023,138,DLL Hijacking,CWE-427 - DLL Hijacking,False
CWE-427,2024,183,DLL Hijacking,CWE-427 - DLL Hijacking,False
CWE-427,2025,170,DLL Hijacking,CWE-427 - DLL Hijacking,False
CWE-428,2012,1,CWE-428,CWE-428,False
CWE-428,2014,2,CWE-428,CWE-428,False
CWE-428,2015,1,CWE-428,CWE-428,False
CWE-428,2016,4,CWE-428,CWE-428,False
CWE-428,2017,16,CWE-428,CWE-428,False
CWE-428,2018,17,CWE-428,CWE-428,False
CWE-428,2019,16,CWE-428,CWE-428,False
CWE-428,2020,28,CWE-428,CWE-428,False
CWE-428,2021,27,CWE-428,CWE-428,False
CWE-428,2022,39,CWE-428,CWE-428,False
CWE-428,2023,34,CWE-428,CWE-428,False
CWE-428,2024,25,CWE-428,CWE-428,False
CWE-428,2025,38,CWE-428,CWE-428,False
CWE-43,2025,1,CWE-43,CWE-43,False
CWE-430,2025,1,CWE-430,CWE-430,False
CWE-431,2021,1,CWE-431,CWE-431,False
CWE-431,2024,1,CWE-431,CWE-431,False
CWE-434,2001,3,Unrestricted File Upload,CWE-434 - Unrestricted File Upload,False
CWE-434,2002,1,Unrestricted File Upload,CWE-434 - Unrestricted File Upload,False
CWE-434,2004,1,Unrestricted File Upload,CWE-434 - Unrestricted File Upload,False
CWE-434,2005,4,Unrestricted File Upload,CWE-434 - Unrestricted File Upload,False
CWE-434,2006,5,Unrestricted File Upload,CWE-434 - Unrestricted File Upload,False
CWE-434,2009,2,Unrestricted File Upload,CWE-434 - Unrestricted File Upload,False
CWE-434,2010,3,Unrestricted File Upload,CWE-434 - Unrestricted File Upload,False
CWE-434,2011,9,Unrestricted File Upload,CWE-434 - Unrestricted File Upload,False
CWE-434,2012,21,Unrestricted File Upload,CWE-434 - Unrestricted File Upload,False
CWE-434,2013,23,Unrestricted File Upload,CWE-434 - Unrestricted File Upload,False
CWE-434,2014,19,Unrestricted File Upload,CWE-434 - Unrestricted File Upload,False
CWE-434,2015,39,Unrestricted File Upload,CWE-434 - Unrestricted File Upload,False
CWE-434,2016,34,Unrestricted File Upload,CWE-434 - Unrestricted File Upload,False
CWE-434,2017,93,Unrestricted File Upload,CWE-434 - Unrestricted File Upload,False
CWE-434,2018,170,Unrestricted File Upload,CWE-434 - Unrestricted File Upload,False
CWE-434,2019,180,Unrestricted File Upload,CWE-434 - Unrestricted File Upload,False
CWE-434,2020,299,Unrestricted File Upload,CWE-434 - Unrestricted File Upload,False
CWE-434,2021,334,Unrestricted File Upload,CWE-434 - Unrestricted File Upload,False
CWE-434,2022,434,Unrestricted File Upload,CWE-434 - Unrestricted File Upload,False
CWE-434,2023,540,Unrestricted File Upload,CWE-434 - Unrestricted File Upload,False
CWE-434,2024,757,Unrestricted File Upload,CWE-434 - Unrestricted File Upload,False
CWE-434,2025,721,Unrestricted File Upload,CWE-434 - Unrestricted File Upload,False
CWE-435,2020,1,CWE-435,CWE-435,False
CWE-435,2021,1,CWE-435,CWE-435,False
CWE-435,2023,1,CWE-435,CWE-435,False
CWE-436,2018,2,CWE-436,CWE-436,False
CWE-436,2019,7,CWE-436,CWE-436,False
CWE-436,2020,10,CWE-436,CWE-436,False
CWE-436,2021,7,CWE-436,CWE-436,False
CWE-436,2022,15,CWE-436,CWE-436,False
CWE-436,2023,17,CWE-436,CWE-436,False
CWE-436,2024,13,CWE-436,CWE-436,False
CWE-436,2025,8,CWE-436,CWE-436,False
CWE-437,2016,1,CWE-437,CWE-437,False
CWE-437,2023,1,CWE-437,CWE-437,False
CWE-437,2024,2,CWE-437,CWE-437,False
CWE-44,2025,1,CWE-44,CWE-44,False
CWE-440,2018,1,CWE-440,CWE-440,False
CWE-440,2019,4,CWE-440,CWE-440,False
CWE-440,2020,3,CWE-440,CWE-440,False
CWE-440,2021,1,CWE-440,CWE-440,False
CWE-440,2022,2,CWE-440,CWE-440,False
CWE-440,2023,6,CWE-440,CWE-440,False
CWE-440,2024,7,CWE-440,CWE-440,False
CWE-440,2025,10,CWE-440,CWE-440,False
CWE-441,2015,2,CWE-441,CWE-441,False
CWE-441,2018,3,CWE-441,CWE-441,False
CWE-441,2019,3,CWE-441,CWE-441,False
CWE-441,2020,3,CWE-441,CWE-441,False
CWE-441,2021,4,CWE-441,CWE-441,False
CWE-441,2022,2,CWE-441,CWE-441,False
CWE-441,2023,3,CWE-441,CWE-441,False
CWE-441,2024,4,CWE-441,CWE-441,False
CWE-441,2025,33,CWE-441,CWE-441,False
CWE-444,2005,2,CWE-444,CWE-444,False
CWE-444,2006,1,CWE-444,CWE-444,False
CWE-444,2015,3,CWE-444,CWE-444,False
CWE-444,2016,2,CWE-444,CWE-444,False
CWE-444,2017,10,CWE-444,CWE-444,False
CWE-444,2018,7,CWE-444,CWE-444,False
CWE-444,2019,22,CWE-444,CWE-444,False
CWE-444,2020,42,CWE-444,CWE-444,False
CWE-444,2021,43,CWE-444,CWE-444,False
CWE-444,2022,32,CWE-444,CWE-444,False
CWE-444,2023,37,CWE-444,CWE-444,False
CWE-444,2024,43,CWE-444,CWE-444,False
CWE-444,2025,33,CWE-444,CWE-444,False
CWE-446,2023,1,CWE-446,CWE-446,False
CWE-446,2025,2,CWE-446,CWE-446,False
CWE-447,2024,3,CWE-447,CWE-447,False
CWE-448,2022,1,CWE-448,CWE-448,False
CWE-448,2025,1,CWE-448,CWE-448,False
CWE-449,2023,5,CWE-449,CWE-449,False
CWE-449,2024,4,CWE-449,CWE-449,False
CWE-449,2025,5,CWE-449,CWE-449,False
CWE-450,2021,1,CWE-450,CWE-450,False
CWE-450,2022,1,CWE-450,CWE-450,False
CWE-450,2024,1,CWE-450,CWE-450,False
CWE-451,2016,4,CWE-451,CWE-451,False
CWE-451,2017,1,CWE-451,CWE-451,False
CWE-451,2020,7,CWE-451,CWE-451,False
CWE-451,2021,5,CWE-451,CWE-451,False
CWE-451,2022,11,CWE-451,CWE-451,False
CWE-451,2023,9,CWE-451,CWE-451,False
CWE-451,2024,37,CWE-451,CWE-451,False
CWE-451,2025,64,CWE-451,CWE-451,False
CWE-453,2021,1,CWE-453,CWE-453,False
CWE-453,2022,6,CWE-453,CWE-453,False
CWE-453,2023,1,CWE-453,CWE-453,False
CWE-453,2024,4,CWE-453,CWE-453,False
CWE-453,2025,4,CWE-453,CWE-453,False
CWE-454,2025,1,CWE-454,CWE-454,False
CWE-455,2022,1,CWE-455,CWE-455,False
CWE-456,2018,1,CWE-456,CWE-456,False
CWE-456,2019,1,CWE-456,CWE-456,False
CWE-456,2021,2,CWE-456,CWE-456,False
CWE-456,2023,1,CWE-456,CWE-456,False
CWE-456,2024,3,CWE-456,CWE-456,False
CWE-457,2019,3,CWE-457,CWE-457,False
CWE-457,2020,1,CWE-457,CWE-457,False
CWE-457,2021,12,CWE-457,CWE-457,False
CWE-457,2022,11,CWE-457,CWE-457,False
CWE-457,2023,16,CWE-457,CWE-457,False
CWE-457,2024,31,CWE-457,CWE-457,False
CWE-457,2025,36,CWE-457,CWE-457,False
CWE-459,2000,1,CWE-459,CWE-459,False
CWE-459,2002,6,CWE-459,CWE-459,False
CWE-459,2005,2,CWE-459,CWE-459,False
CWE-459,2012,1,CWE-459,CWE-459,False
CWE-459,2017,2,CWE-459,CWE-459,False
CWE-459,2018,7,CWE-459,CWE-459,False
CWE-459,2019,18,CWE-459,CWE-459,False
CWE-459,2020,20,CWE-459,CWE-459,False
CWE-459,2021,20,CWE-459,CWE-459,False
CWE-459,2022,29,CWE-459,CWE-459,False
CWE-459,2023,16,CWE-459,CWE-459,False
CWE-459,2024,35,CWE-459,CWE-459,False
CWE-459,2025,18,CWE-459,CWE-459,False
CWE-460,2016,1,CWE-460,CWE-460,False
CWE-460,2017,2,CWE-460,CWE-460,False
CWE-460,2019,1,CWE-460,CWE-460,False
CWE-460,2020,1,CWE-460,CWE-460,False
CWE-460,2021,1,CWE-460,CWE-460,False
CWE-460,2022,4,CWE-460,CWE-460,False
CWE-460,2023,1,CWE-460,CWE-460,False
CWE-460,2024,3,CWE-460,CWE-460,False
CWE-460,2025,3,CWE-460,CWE-460,False
CWE-462,2025,1,CWE-462,CWE-462,False
CWE-463,2024,3,CWE-463,CWE-463,False
CWE-465,2019,1,CWE-465,CWE-465,False
CWE-465,2023,1,CWE-465,CWE-465,False
CWE-466,2024,2,CWE-466,CWE-466,False
CWE-467,2020,1,CWE-467,CWE-467,False
CWE-467,2021,1,CWE-467,CWE-467,False
CWE-467,2025,1,CWE-467,CWE-467,False
CWE-468,2024,2,CWE-468,CWE-468,False
CWE-470,2004,1,CWE-470,CWE-470,False
CWE-470,2017,1,CWE-470,CWE-470,False
CWE-470,2018,2,CWE-470,CWE-470,False
CWE-470,2019,5,CWE-470,CWE-470,False
CWE-470,2020,1,CWE-470,CWE-470,False
CWE-470,2021,4,CWE-470,CWE-470,False
CWE-470,2022,4,CWE-470,CWE-470,False
CWE-470,2023,7,CWE-470,CWE-470,False
CWE-470,2024,11,CWE-470,CWE-470,False
CWE-470,2025,8,CWE-470,CWE-470,False
CWE-471,2018,6,CWE-471,CWE-471,False
CWE-471,2020,8,CWE-471,CWE-471,False
CWE-471,2021,4,CWE-471,CWE-471,False
CWE-471,2022,5,CWE-471,CWE-471,False
CWE-471,2023,3,CWE-471,CWE-471,False
CWE-471,2024,6,CWE-471,CWE-471,False
CWE-471,2025,1,CWE-471,CWE-471,False
CWE-472,2017,2,CWE-472,CWE-472,False
CWE-472,2019,1,CWE-472,CWE-472,False
CWE-472,2020,1,CWE-472,CWE-472,False
CWE-472,2021,9,CWE-472,CWE-472,False
CWE-472,2022,1,CWE-472,CWE-472,False
CWE-472,2023,3,CWE-472,CWE-472,False
CWE-472,2024,8,CWE-472,CWE-472,False
CWE-472,2025,28,CWE-472,CWE-472,False
CWE-473,2023,2,CWE-473,CWE-473,False
CWE-473,2024,1,CWE-473,CWE-473,False
CWE-474,2021,1,CWE-474,CWE-474,False
CWE-474,2024,6,CWE-474,CWE-474,False
CWE-475,2020,1,CWE-475,CWE-475,False
CWE-475,2022,1,CWE-475,CWE-475,False
CWE-475,2023,4,CWE-475,CWE-475,False
CWE-475,2024,3,CWE-475,CWE-475,False
CWE-475,2025,2,CWE-475,CWE-475,False
CWE-476,2001,1,NULL Pointer Dereference,CWE-476 - NULL Pointer Dereference,False
CWE-476,2002,2,NULL Pointer Dereference,CWE-476 - NULL Pointer Dereference,False
CWE-476,2003,2,NULL Pointer Dereference,CWE-476 - NULL Pointer Dereference,False
CWE-476,2004,5,NULL Pointer Dereference,CWE-476 - NULL Pointer Dereference,False
CWE-476,2005,3,NULL Pointer Dereference,CWE-476 - NULL Pointer Dereference,False
CWE-476,2006,3,NULL Pointer Dereference,CWE-476 - NULL Pointer Dereference,False
CWE-476,2007,4,NULL Pointer Dereference,CWE-476 - NULL Pointer Dereference,False
CWE-476,2008,4,NULL Pointer Dereference,CWE-476 - NULL Pointer Dereference,False
CWE-476,2009,11,NULL Pointer Dereference,CWE-476 - NULL Pointer Dereference,False
CWE-476,2010,24,NULL Pointer Dereference,CWE-476 - NULL Pointer Dereference,False
CWE-476,2011,28,NULL Pointer Dereference,CWE-476 - NULL Pointer Dereference,False
CWE-476,2012,8,NULL Pointer Dereference,CWE-476 - NULL Pointer Dereference,False
CWE-476,2013,10,NULL Pointer Dereference,CWE-476 - NULL Pointer Dereference,False
CWE-476,2014,27,NULL Pointer Dereference,CWE-476 - NULL Pointer Dereference,False
CWE-476,2015,63,NULL Pointer Dereference,CWE-476 - NULL Pointer Dereference,False
CWE-476,2016,148,NULL Pointer Dereference,CWE-476 - NULL Pointer Dereference,False
CWE-476,2017,309,NULL Pointer Dereference,CWE-476 - NULL Pointer Dereference,False
CWE-476,2018,280,NULL Pointer Dereference,CWE-476 - NULL Pointer Dereference,False
CWE-476,2019,255,NULL Pointer Dereference,CWE-476 - NULL Pointer Dereference,False
CWE-476,2020,223,NULL Pointer Dereference,CWE-476 - NULL Pointer Dereference,False
CWE-476,2021,565,NULL Pointer Dereference,CWE-476 - NULL Pointer Dereference,False
CWE-476,2022,605,NULL Pointer Dereference,CWE-476 - NULL Pointer Dereference,False
CWE-476,2023,519,NULL Pointer Dereference,CWE-476 - NULL Pointer Dereference,False
CWE-476,2024,890,NULL Pointer Dereference,CWE-476 - NULL Pointer Dereference,False
CWE-476,2025,734,NULL Pointer Dereference,CWE-476 - NULL Pointer Dereference,False
CWE-477,2018,1,CWE-477,CWE-477,False
CWE-477,2019,3,CWE-477,CWE-477,False
CWE-477,2020,1,CWE-477,CWE-477,False
CWE-477,2022,1,CWE-477,CWE-477,False
CWE-477,2023,2,CWE-477,CWE-477,False
CWE-477,2025,7,CWE-477,CWE-477,False
CWE-479,2021,1,CWE-479,CWE-479,False
CWE-480,2022,1,CWE-480,CWE-480,False
CWE-480,2024,1,CWE-480,CWE-480,False
CWE-480,2025,1,CWE-480,CWE-480,False
CWE-482,2024,1,CWE-482,CWE-482,False
CWE-485,2017,1,CWE-485,CWE-485,False
CWE-488,2022,1,CWE-488,CWE-488,False
CWE-488,2023,2,CWE-488,CWE-488,False
CWE-488,2024,10,CWE-488,CWE-488,False
CWE-488,2025,6,CWE-488,CWE-488,False
CWE-489,2017,1,CWE-489,CWE-489,False
CWE-489,2018,1,CWE-489,CWE-489,False
CWE-489,2019,1,CWE-489,CWE-489,False
CWE-489,2020,5,CWE-489,CWE-489,False
CWE-489,2021,8,CWE-489,CWE-489,False
CWE-489,2022,16,CWE-489,CWE-489,False
CWE-489,2023,9,CWE-489,CWE-489,False
CWE-489,2024,16,CWE-489,CWE-489,False
CWE-489,2025,14,CWE-489,CWE-489,False
CWE-491,2024,1,CWE-491,CWE-491,False
CWE-491,2025,3,CWE-491,CWE-491,False
CWE-494,2001,1,CWE-494,CWE-494,False
CWE-494,2002,1,CWE-494,CWE-494,False
CWE-494,2008,2,CWE-494,CWE-494,False
CWE-494,2010,1,CWE-494,CWE-494,False
CWE-494,2014,1,CWE-494,CWE-494,False
CWE-494,2016,2,CWE-494,CWE-494,False
CWE-494,2017,5,CWE-494,CWE-494,False
CWE-494,2018,5,CWE-494,CWE-494,False
CWE-494,2019,17,CWE-494,CWE-494,False
CWE-494,2020,34,CWE-494,CWE-494,False
CWE-494,2021,10,CWE-494,CWE-494,False
CWE-494,2022,17,CWE-494,CWE-494,False
CWE-494,2023,30,CWE-494,CWE-494,False
CWE-494,2024,19,CWE-494,CWE-494,False
CWE-494,2025,32,CWE-494,CWE-494,False
CWE-495,2025,1,CWE-495,CWE-495,False
CWE-497,2019,3,CWE-497,CWE-497,False
CWE-497,2020,2,CWE-497,CWE-497,False
CWE-497,2021,8,CWE-497,CWE-497,False
CWE-497,2022,11,CWE-497,CWE-497,False
CWE-497,2023,15,CWE-497,CWE-497,False
CWE-497,2024,58,CWE-497,CWE-497,False
CWE-497,2025,156,CWE-497,CWE-497,False
CWE-499,2022,1,CWE-499,CWE-499,False
CWE-499,2024,1,CWE-499,CWE-499,False
CWE-5,2025,1,CWE-5,CWE-5,False
CWE-50,2023,1,CWE-50,CWE-50,False
CWE-501,2019,1,CWE-501,CWE-501,False
CWE-501,2020,3,CWE-501,CWE-501,False
CWE-501,2022,2,CWE-501,CWE-501,False
CWE-501,2023,4,CWE-501,CWE-501,False
CWE-501,2024,5,CWE-501,CWE-501,False
CWE-501,2025,6,CWE-501,CWE-501,False
CWE-502,2003,1,Deserialization,CWE-502 - Deserialization,False
CWE-502,2007,1,Deserialization,CWE-502 - Deserialization,False
CWE-502,2010,2,Deserialization,CWE-502 - Deserialization,False
CWE-502,2011,2,Deserialization,CWE-502 - Deserialization,False
CWE-502,2012,3,Deserialization,CWE-502 - Deserialization,False
CWE-502,2013,4,Deserialization,CWE-502 - Deserialization,False
CWE-502,2014,5,Deserialization,CWE-502 - Deserialization,False
CWE-502,2015,7,Deserialization,CWE-502 - Deserialization,False
CWE-502,2016,42,Deserialization,CWE-502 - Deserialization,False
CWE-502,2017,92,Deserialization,CWE-502 - Deserialization,False
CWE-502,2018,105,Deserialization,CWE-502 - Deserialization,False
CWE-502,2019,125,Deserialization,CWE-502 - Deserialization,False
CWE-502,2020,183,Deserialization,CWE-502 - Deserialization,False
CWE-502,2021,215,Deserialization,CWE-502 - Deserialization,False
CWE-502,2022,185,Deserialization,CWE-502 - Deserialization,False
CWE-502,2023,280,Deserialization,CWE-502 - Deserialization,False
CWE-502,2024,446,Deserialization,CWE-502 - Deserialization,False
CWE-502,2025,582,Deserialization,CWE-502 - Deserialization,False
CWE-506,2017,47,CWE-506,CWE-506,False
CWE-506,2018,1,CWE-506,CWE-506,False
CWE-506,2020,1,CWE-506,CWE-506,False
CWE-506,2021,1,CWE-506,CWE-506,False
CWE-506,2023,1,CWE-506,CWE-506,False
CWE-506,2024,2,CWE-506,CWE-506,False
CWE-506,2025,20,CWE-506,CWE-506,False
CWE-507,2020,1,CWE-507,CWE-507,False
CWE-508,2025,1,CWE-508,CWE-508,False
CWE-509,2017,1,CWE-509,CWE-509,False
CWE-511,2023,1,CWE-511,CWE-511,False
CWE-520,2024,1,CWE-520,CWE-520,False
CWE-521,2011,1,CWE-521,CWE-521,False
CWE-521,2012,1,CWE-521,CWE-521,False
CWE-521,2015,1,CWE-521,CWE-521,False
CWE-521,2016,1,CWE-521,CWE-521,False
CWE-521,2017,17,CWE-521,CWE-521,False
CWE-521,2018,16,CWE-521,CWE-521,False
CWE-521,2019,24,CWE-521,CWE-521,False
CWE-521,2020,24,CWE-521,CWE-521,False
CWE-521,2021,22,CWE-521,CWE-521,False
CWE-521,2022,34,CWE-521,CWE-521,False
CWE-521,2023,36,CWE-521,CWE-521,False
CWE-521,2024,28,CWE-521,CWE-521,False
CWE-521,2025,38,CWE-521,CWE-521,False
CWE-522,2000,1,Insufficiently Protected Credentials,CWE-522 - Insufficiently Protected Credentials,False
CWE-522,2005,1,Insufficiently Protected Credentials,CWE-522 - Insufficiently Protected Credentials,False
CWE-522,2007,1,Insufficiently Protected Credentials,CWE-522 - Insufficiently Protected Credentials,False
CWE-522,2010,1,Insufficiently Protected Credentials,CWE-522 - Insufficiently Protected Credentials,False
CWE-522,2012,7,Insufficiently Protected Credentials,CWE-522 - Insufficiently Protected Credentials,False
CWE-522,2013,10,Insufficiently Protected Credentials,CWE-522 - Insufficiently Protected Credentials,False
CWE-522,2014,14,Insufficiently Protected Credentials,CWE-522 - Insufficiently Protected Credentials,False
CWE-522,2015,4,Insufficiently Protected Credentials,CWE-522 - Insufficiently Protected Credentials,False
CWE-522,2016,5,Insufficiently Protected Credentials,CWE-522 - Insufficiently Protected Credentials,False
CWE-522,2017,73,Insufficiently Protected Credentials,CWE-522 - Insufficiently Protected Credentials,False
CWE-522,2018,117,Insufficiently Protected Credentials,CWE-522 - Insufficiently Protected Credentials,False
CWE-522,2019,209,Insufficiently Protected Credentials,CWE-522 - Insufficiently Protected Credentials,False
CWE-522,2020,162,Insufficiently Protected Credentials,CWE-522 - Insufficiently Protected Credentials,False
CWE-522,2021,130,Insufficiently Protected Credentials,CWE-522 - Insufficiently Protected Credentials,False
CWE-522,2022,163,Insufficiently Protected Credentials,CWE-522 - Insufficiently Protected Credentials,False
CWE-522,2023,123,Insufficiently Protected Credentials,CWE-522 - Insufficiently Protected Credentials,False
CWE-522,2024,118,Insufficiently Protected Credentials,CWE-522 - Insufficiently Protected Credentials,False
CWE-522,2025,107,Insufficiently Protected Credentials,CWE-522 - Insufficiently Protected Credentials,False
CWE-523,2017,1,CWE-523,CWE-523,False
CWE-523,2020,1,CWE-523,CWE-523,False
CWE-523,2021,2,CWE-523,CWE-523,False
CWE-523,2022,1,CWE-523,CWE-523,False
CWE-523,2023,3,CWE-523,CWE-523,False
CWE-523,2024,4,CWE-523,CWE-523,False
CWE-523,2025,6,CWE-523,CWE-523,False
CWE-524,2019,4,CWE-524,CWE-524,False
CWE-524,2021,2,CWE-524,CWE-524,False
CWE-524,2022,2,CWE-524,CWE-524,False
CWE-524,2023,4,CWE-524,CWE-524,False
CWE-524,2024,8,CWE-524,CWE-524,False
CWE-524,2025,10,CWE-524,CWE-524,False
CWE-525,2021,1,CWE-525,CWE-525,False
CWE-525,2022,2,CWE-525,CWE-525,False
CWE-525,2023,4,CWE-525,CWE-525,False
CWE-525,2024,7,CWE-525,CWE-525,False
CWE-525,2025,8,CWE-525,CWE-525,False
CWE-526,2014,1,CWE-526,CWE-526,False
CWE-526,2023,4,CWE-526,CWE-526,False
CWE-526,2024,4,CWE-526,CWE-526,False
CWE-526,2025,4,CWE-526,CWE-526,False
CWE-527,2021,1,CWE-527,CWE-527,False
CWE-527,2022,1,CWE-527,CWE-527,False
CWE-528,2024,1,CWE-528,CWE-528,False
CWE-528,2025,1,CWE-528,CWE-528,False
CWE-529,2014,1,CWE-529,CWE-529,False
CWE-530,2020,1,CWE-530,CWE-530,False
CWE-530,2023,1,CWE-530,CWE-530,False
CWE-530,2024,6,CWE-530,CWE-530,False
CWE-530,2025,1,CWE-530,CWE-530,False
CWE-531,2024,1,CWE-531,CWE-531,False
CWE-531,2025,1,CWE-531,CWE-531,False
CWE-532,2001,1,Sensitive Info in Log,CWE-532 - Sensitive Info in Log,False
CWE-532,2011,1,Sensitive Info in Log,CWE-532 - Sensitive Info in Log,False
CWE-532,2012,1,Sensitive Info in Log,CWE-532 - Sensitive Info in Log,False
CWE-532,2013,2,Sensitive Info in Log,CWE-532 - Sensitive Info in Log,False
CWE-532,2014,1,Sensitive Info in Log,CWE-532 - Sensitive Info in Log,False
CWE-532,2015,3,Sensitive Info in Log,CWE-532 - Sensitive Info in Log,False
CWE-532,2016,19,Sensitive Info in Log,CWE-532 - Sensitive Info in Log,False
CWE-532,2017,35,Sensitive Info in Log,CWE-532 - Sensitive Info in Log,False
CWE-532,2018,66,Sensitive Info in Log,CWE-532 - Sensitive Info in Log,False
CWE-532,2019,103,Sensitive Info in Log,CWE-532 - Sensitive Info in Log,False
CWE-532,2020,85,Sensitive Info in Log,CWE-532 - Sensitive Info in Log,False
CWE-532,2021,101,Sensitive Info in Log,CWE-532 - Sensitive Info in Log,False
CWE-532,2022,128,Sensitive Info in Log,CWE-532 - Sensitive Info in Log,False
CWE-532,2023,148,Sensitive Info in Log,CWE-532 - Sensitive Info in Log,False
CWE-532,2024,173,Sensitive Info in Log,CWE-532 - Sensitive Info in Log,False
CWE-532,2025,157,Sensitive Info in Log,CWE-532 - Sensitive Info in Log,False
CWE-534,2015,1,CWE-534,CWE-534,False
CWE-534,2017,1,CWE-534,CWE-534,False
CWE-534,2020,1,CWE-534,CWE-534,False
CWE-534,2021,1,CWE-534,CWE-534,False
CWE-534,2023,1,CWE-534,CWE-534,False
CWE-535,2022,1,CWE-535,CWE-535,False
CWE-535,2023,1,CWE-535,CWE-535,False
CWE-538,2014,2,CWE-538,CWE-538,False
CWE-538,2016,2,CWE-538,CWE-538,False
CWE-538,2017,3,CWE-538,CWE-538,False
CWE-538,2018,5,CWE-538,CWE-538,False
CWE-538,2019,5,CWE-538,CWE-538,False
CWE-538,2021,6,CWE-538,CWE-538,False
CWE-538,2022,7,CWE-538,CWE-538,False
CWE-538,2023,7,CWE-538,CWE-538,False
CWE-538,2024,9,CWE-538,CWE-538,False
CWE-538,2025,21,CWE-538,CWE-538,False
CWE-539,2021,1,CWE-539,CWE-539,False
CWE-539,2023,1,CWE-539,CWE-539,False
CWE-539,2024,1,CWE-539,CWE-539,False
CWE-539,2025,1,CWE-539,CWE-539,False
CWE-540,2021,5,CWE-540,CWE-540,False
CWE-540,2023,4,CWE-540,CWE-540,False
CWE-540,2024,11,CWE-540,CWE-540,False
CWE-540,2025,6,CWE-540,CWE-540,False
CWE-541,2025,1,CWE-541,CWE-541,False
CWE-544,2020,1,CWE-544,CWE-544,False
CWE-544,2021,1,CWE-544,CWE-544,False
CWE-544,2023,2,CWE-544,CWE-544,False
CWE-544,2024,2,CWE-544,CWE-544,False
CWE-544,2025,1,CWE-544,CWE-544,False
CWE-547,2019,1,CWE-547,CWE-547,False
CWE-547,2023,1,CWE-547,CWE-547,False
CWE-547,2024,3,CWE-547,CWE-547,False
CWE-547,2025,5,CWE-547,CWE-547,False
CWE-548,2014,1,CWE-548,CWE-548,False
CWE-548,2016,1,CWE-548,CWE-548,False
CWE-548,2017,1,CWE-548,CWE-548,False
CWE-548,2018,3,CWE-548,CWE-548,False
CWE-548,2019,2,CWE-548,CWE-548,False
CWE-548,2020,4,CWE-548,CWE-548,False
CWE-548,2021,8,CWE-548,CWE-548,False
CWE-548,2022,3,CWE-548,CWE-548,False
CWE-548,2023,2,CWE-548,CWE-548,False
CWE-548,2024,11,CWE-548,CWE-548,False
CWE-548,2025,15,CWE-548,CWE-548,False
CWE-549,2022,3,CWE-549,CWE-549,False
CWE-549,2023,3,CWE-549,CWE-549,False
CWE-549,2024,1,CWE-549,CWE-549,False
CWE-549,2025,7,CWE-549,CWE-549,False
CWE-550,2023,2,CWE-550,CWE-550,False
CWE-550,2025,1,CWE-550,CWE-550,False
CWE-551,2021,6,CWE-551,CWE-551,False
CWE-551,2023,1,CWE-551,CWE-551,False
CWE-552,2005,1,CWE-552,CWE-552,False
CWE-552,2009,2,CWE-552,CWE-552,False
CWE-552,2015,3,CWE-552,CWE-552,False
CWE-552,2016,2,CWE-552,CWE-552,False
CWE-552,2017,16,CWE-552,CWE-552,False
CWE-552,2018,9,CWE-552,CWE-552,False
CWE-552,2019,22,CWE-552,CWE-552,False
CWE-552,2020,32,CWE-552,CWE-552,False
CWE-552,2021,49,CWE-552,CWE-552,False
CWE-552,2022,74,CWE-552,CWE-552,False
CWE-552,2023,73,CWE-552,CWE-552,False
CWE-552,2024,73,CWE-552,CWE-552,False
CWE-552,2025,65,CWE-552,CWE-552,False
CWE-555,2023,1,CWE-555,CWE-555,False
CWE-555,2025,1,CWE-555,CWE-555,False
CWE-556,2024,1,CWE-556,CWE-556,False
CWE-561,2018,1,CWE-561,CWE-561,False
CWE-561,2021,1,CWE-561,CWE-561,False
CWE-561,2022,3,CWE-561,CWE-561,False
CWE-561,2024,2,CWE-561,CWE-561,False
CWE-561,2025,1,CWE-561,CWE-561,False
CWE-562,2020,1,CWE-562,CWE-562,False
CWE-562,2021,1,CWE-562,CWE-562,False
CWE-562,2022,1,CWE-562,CWE-562,False
CWE-562,2024,2,CWE-562,CWE-562,False
CWE-563,2021,1,CWE-563,CWE-563,False
CWE-563,2024,1,CWE-563,CWE-563,False
CWE-564,2024,1,CWE-564,CWE-564,False
CWE-564,2025,2,CWE-564,CWE-564,False
CWE-565,2008,1,CWE-565,CWE-565,False
CWE-565,2011,1,CWE-565,CWE-565,False
CWE-565,2012,1,CWE-565,CWE-565,False
CWE-565,2016,1,CWE-565,CWE-565,False
CWE-565,2017,3,CWE-565,CWE-565,False
CWE-565,2018,4,CWE-565,CWE-565,False
CWE-565,2019,6,CWE-565,CWE-565,False
CWE-565,2020,5,CWE-565,CWE-565,False
CWE-565,2021,9,CWE-565,CWE-565,False
CWE-565,2022,10,CWE-565,CWE-565,False
CWE-565,2023,8,CWE-565,CWE-565,False
CWE-565,2024,11,CWE-565,CWE-565,False
CWE-565,2025,6,CWE-565,CWE-565,False
CWE-566,2014,1,CWE-566,CWE-566,False
CWE-566,2024,1,CWE-566,CWE-566,False
CWE-566,2025,3,CWE-566,CWE-566,False
CWE-567,2020,1,CWE-567,CWE-567,False
CWE-567,2023,1,CWE-567,CWE-567,False
CWE-567,2025,1,CWE-567,CWE-567,False
CWE-57,2024,1,CWE-57,CWE-57,False
CWE-570,2024,1,CWE-570,CWE-570,False
CWE-571,2022,1,CWE-571,CWE-571,False
CWE-573,2019,1,CWE-573,CWE-573,False
CWE-573,2025,3,CWE-573,CWE-573,False
CWE-587,2021,1,CWE-587,CWE-587,False
CWE-588,2021,2,CWE-588,CWE-588,False
CWE-59,1999,4,Link Following,CWE-59 - Link Following,False
CWE-59,2000,4,Link Following,CWE-59 - Link Following,False
CWE-59,2001,7,Link Following,CWE-59 - Link Following,False
CWE-59,2002,6,Link Following,CWE-59 - Link Following,False
CWE-59,2003,6,Link Following,CWE-59 - Link Following,False
CWE-59,2004,6,Link Following,CWE-59 - Link Following,False
CWE-59,2005,12,Link Following,CWE-59 - Link Following,False
CWE-59,2006,2,Link Following,CWE-59 - Link Following,False
CWE-59,2007,27,Link Following,CWE-59 - Link Following,False
CWE-59,2008,180,Link Following,CWE-59 - Link Following,False
CWE-59,2009,33,Link Following,CWE-59 - Link Following,False
CWE-59,2010,32,Link Following,CWE-59 - Link Following,False
CWE-59,2011,45,Link Following,CWE-59 - Link Following,False
CWE-59,2012,19,Link Following,CWE-59 - Link Following,False
CWE-59,2013,37,Link Following,CWE-59 - Link Following,False
CWE-59,2014,50,Link Following,CWE-59 - Link Following,False
CWE-59,2015,39,Link Following,CWE-59 - Link Following,False
CWE-59,2016,15,Link Following,CWE-59 - Link Following,False
CWE-59,2017,25,Link Following,CWE-59 - Link Following,False
CWE-59,2018,39,Link Following,CWE-59 - Link Following,False
CWE-59,2019,96,Link Following,CWE-59 - Link Following,False
CWE-59,2020,103,Link Following,CWE-59 - Link Following,False
CWE-59,2021,108,Link Following,CWE-59 - Link Following,False
CWE-59,2022,92,Link Following,CWE-59 - Link Following,False
CWE-59,2023,123,Link Following,CWE-59 - Link Following,False
CWE-59,2024,141,Link Following,CWE-59 - Link Following,False
CWE-59,2025,124,Link Following,CWE-59 - Link Following,False
CWE-590,2020,1,CWE-590,CWE-590,False
CWE-590,2021,3,CWE-590,CWE-590,False
CWE-590,2022,2,CWE-590,CWE-590,False
CWE-590,2023,4,CWE-590,CWE-590,False
CWE-590,2025,6,CWE-590,CWE-590,False
CWE-591,2023,35,CWE-591,CWE-591,False
CWE-591,2024,25,CWE-591,CWE-591,False
CWE-591,2025,17,CWE-591,CWE-591,False
CWE-592,2012,1,CWE-592,CWE-592,False
CWE-592,2014,2,CWE-592,CWE-592,False
CWE-592,2016,2,CWE-592,CWE-592,False
CWE-592,2017,5,CWE-592,CWE-592,False
CWE-592,2018,4,CWE-592,CWE-592,False
CWE-592,2019,6,CWE-592,CWE-592,False
CWE-592,2023,1,CWE-592,CWE-592,False
CWE-592,2024,2,CWE-592,CWE-592,False
CWE-597,2021,2,CWE-597,CWE-597,False
CWE-597,2022,1,CWE-597,CWE-597,False
CWE-598,2017,3,CWE-598,CWE-598,False
CWE-598,2018,2,CWE-598,CWE-598,False
CWE-598,2019,2,CWE-598,CWE-598,False
CWE-598,2020,1,CWE-598,CWE-598,False
CWE-598,2021,3,CWE-598,CWE-598,False
CWE-598,2022,4,CWE-598,CWE-598,False
CWE-598,2023,9,CWE-598,CWE-598,False
CWE-598,2024,9,CWE-598,CWE-598,False
CWE-598,2025,24,CWE-598,CWE-598,False
CWE-599,2021,1,CWE-599,CWE-599,False
CWE-599,2022,1,CWE-599,CWE-599,False
CWE-599,2023,1,CWE-599,CWE-599,False
CWE-599,2024,4,CWE-599,CWE-599,False
CWE-599,2025,5,CWE-599,CWE-599,False
CWE-6,2018,1,CWE-6,CWE-6,False
CWE-600,2023,1,CWE-600,CWE-600,False
CWE-601,2004,1,Open Redirect,CWE-601 - Open Redirect,False
CWE-601,2005,4,Open Redirect,CWE-601 - Open Redirect,False
CWE-601,2008,3,Open Redirect,CWE-601 - Open Redirect,False
CWE-601,2009,1,Open Redirect,CWE-601 - Open Redirect,False
CWE-601,2010,4,Open Redirect,CWE-601 - Open Redirect,False
CWE-601,2011,1,Open Redirect,CWE-601 - Open Redirect,False
CWE-601,2012,1,Open Redirect,CWE-601 - Open Redirect,False
CWE-601,2013,3,Open Redirect,CWE-601 - Open Redirect,False
CWE-601,2014,3,Open Redirect,CWE-601 - Open Redirect,False
CWE-601,2015,25,Open Redirect,CWE-601 - Open Redirect,False
CWE-601,2016,43,Open Redirect,CWE-601 - Open Redirect,False
CWE-601,2017,90,Open Redirect,CWE-601 - Open Redirect,False
CWE-601,2018,80,Open Redirect,CWE-601 - Open Redirect,False
CWE-601,2019,100,Open Redirect,CWE-601 - Open Redirect,False
CWE-601,2020,112,Open Redirect,CWE-601 - Open Redirect,False
CWE-601,2021,135,Open Redirect,CWE-601 - Open Redirect,False
CWE-601,2022,150,Open Redirect,CWE-601 - Open Redirect,False
CWE-601,2023,156,Open Redirect,CWE-601 - Open Redirect,False
CWE-601,2024,205,Open Redirect,CWE-601 - Open Redirect,False
CWE-601,2025,209,Open Redirect,CWE-601 - Open Redirect,False
CWE-602,2014,2,CWE-602,CWE-602,False
CWE-602,2017,2,CWE-602,CWE-602,False
CWE-602,2020,4,CWE-602,CWE-602,False
CWE-602,2021,3,CWE-602,CWE-602,False
CWE-602,2022,6,CWE-602,CWE-602,False
CWE-602,2023,12,CWE-602,CWE-602,False
CWE-602,2024,21,CWE-602,CWE-602,False
CWE-602,2025,41,CWE-602,CWE-602,False
CWE-603,2017,1,CWE-603,CWE-603,False
CWE-603,2020,3,CWE-603,CWE-603,False
CWE-603,2021,1,CWE-603,CWE-603,False
CWE-603,2022,2,CWE-603,CWE-603,False
CWE-603,2024,4,CWE-603,CWE-603,False
CWE-603,2025,5,CWE-603,CWE-603,False
CWE-605,2024,1,CWE-605,CWE-605,False
CWE-606,2022,1,CWE-606,CWE-606,False
CWE-606,2023,4,CWE-606,CWE-606,False
CWE-606,2024,6,CWE-606,CWE-606,False
CWE-606,2025,3,CWE-606,CWE-606,False
CWE-61,2017,1,CWE-61,CWE-61,False
CWE-61,2019,4,CWE-61,CWE-61,False
CWE-61,2020,4,CWE-61,CWE-61,False
CWE-61,2021,20,CWE-61,CWE-61,False
CWE-61,2022,3,CWE-61,CWE-61,False
CWE-61,2023,6,CWE-61,CWE-61,False
CWE-61,2024,25,CWE-61,CWE-61,False
CWE-61,2025,36,CWE-61,CWE-61,False
CWE-610,2014,1,CWE-610,CWE-610,False
CWE-610,2015,2,CWE-610,CWE-610,False
CWE-610,2016,1,CWE-610,CWE-610,False
CWE-610,2017,4,CWE-610,CWE-610,False
CWE-610,2018,4,CWE-610,CWE-610,False
CWE-610,2019,27,CWE-610,CWE-610,False
CWE-610,2020,17,CWE-610,CWE-610,False
CWE-610,2021,36,CWE-610,CWE-610,False
CWE-610,2022,32,CWE-610,CWE-610,False
CWE-610,2023,31,CWE-610,CWE-610,False
CWE-610,2024,27,CWE-610,CWE-610,False
CWE-610,2025,27,CWE-610,CWE-610,False
CWE-611,2005,1,XXE,CWE-611 - XXE,False
CWE-611,2009,1,XXE,CWE-611 - XXE,False
CWE-611,2010,2,XXE,CWE-611 - XXE,False
CWE-611,2011,2,XXE,CWE-611 - XXE,False
CWE-611,2012,8,XXE,CWE-611 - XXE,False
CWE-611,2013,6,XXE,CWE-611 - XXE,False
CWE-611,2014,18,XXE,CWE-611 - XXE,False
CWE-611,2015,20,XXE,CWE-611 - XXE,False
CWE-611,2016,55,XXE,CWE-611 - XXE,False
CWE-611,2017,94,XXE,CWE-611 - XXE,False
CWE-611,2018,180,XXE,CWE-611 - XXE,False
CWE-611,2019,114,XXE,CWE-611 - XXE,False
CWE-611,2020,122,XXE,CWE-611 - XXE,False
CWE-611,2021,118,XXE,CWE-611 - XXE,False
CWE-611,2022,119,XXE,CWE-611 - XXE,False
CWE-611,2023,134,XXE,CWE-611 - XXE,False
CWE-611,2024,98,XXE,CWE-611 - XXE,False
CWE-611,2025,96,XXE,CWE-611 - XXE,False
CWE-612,2022,3,CWE-612,CWE-612,False
CWE-612,2023,1,CWE-612,CWE-612,False
CWE-612,2024,2,CWE-612,CWE-612,False
CWE-612,2025,1,CWE-612,CWE-612,False
CWE-613,2009,1,CWE-613,CWE-613,False
CWE-613,2014,2,CWE-613,CWE-613,False
CWE-613,2015,1,CWE-613,CWE-613,False
CWE-613,2016,7,CWE-613,CWE-613,False
CWE-613,2017,15,CWE-613,CWE-613,False
CWE-613,2018,12,CWE-613,CWE-613,False
CWE-613,2019,25,CWE-613,CWE-613,False
CWE-613,2020,53,CWE-613,CWE-613,False
CWE-613,2021,57,CWE-613,CWE-613,False
CWE-613,2022,55,CWE-613,CWE-613,False
CWE-613,2023,61,CWE-613,CWE-613,False
CWE-613,2024,77,CWE-613,CWE-613,False
CWE-613,2025,72,CWE-613,CWE-613,False
CWE-614,2015,1,CWE-614,CWE-614,False
CWE-614,2018,1,CWE-614,CWE-614,False
CWE-614,2020,3,CWE-614,CWE-614,False
CWE-614,2021,3,CWE-614,CWE-614,False
CWE-614,2022,8,CWE-614,CWE-614,False
CWE-614,2023,8,CWE-614,CWE-614,False
CWE-614,2024,13,CWE-614,CWE-614,False
CWE-614,2025,11,CWE-614,CWE-614,False
CWE-615,2024,1,CWE-615,CWE-615,False
CWE-616,2023,1,CWE-616,CWE-616,False
CWE-616,2024,4,CWE-616,CWE-616,False
CWE-616,2025,2,CWE-616,CWE-616,False
CWE-617,2006,5,CWE-617,CWE-617,False
CWE-617,2010,1,CWE-617,CWE-617,False
CWE-617,2011,1,CWE-617,CWE-617,False
CWE-617,2012,1,CWE-617,CWE-617,False
CWE-617,2015,2,CWE-617,CWE-617,False
CWE-617,2016,5,CWE-617,CWE-617,False
CWE-617,2017,49,CWE-617,CWE-617,False
CWE-617,2018,29,CWE-617,CWE-617,False
CWE-617,2019,33,CWE-617,CWE-617,False
CWE-617,2020,56,CWE-617,CWE-617,False
CWE-617,2021,106,CWE-617,CWE-617,False
CWE-617,2022,129,CWE-617,CWE-617,False
CWE-617,2023,90,CWE-617,CWE-617,False
CWE-617,2024,67,CWE-617,CWE-617,False
CWE-617,2025,77,CWE-617,CWE-617,False
CWE-618,2025,1,CWE-618,CWE-618,False
CWE-62,2024,2,CWE-62,CWE-62,False
CWE-620,2017,1,CWE-620,CWE-620,False
CWE-620,2018,1,CWE-620,CWE-620,False
CWE-620,2020,1,CWE-620,CWE-620,False
CWE-620,2021,3,CWE-620,CWE-620,False
CWE-620,2022,4,CWE-620,CWE-620,False
CWE-620,2023,9,CWE-620,CWE-620,False
CWE-620,2024,22,CWE-620,CWE-620,False
CWE-620,2025,26,CWE-620,CWE-620,False
CWE-621,2018,1,CWE-621,CWE-621,False
CWE-622,2024,2,CWE-622,CWE-622,False
CWE-623,2011,1,CWE-623,CWE-623,False
CWE-623,2014,1,CWE-623,CWE-623,False
CWE-623,2018,1,CWE-623,CWE-623,False
CWE-624,2024,1,CWE-624,CWE-624,False
CWE-625,2018,1,CWE-625,CWE-625,False
CWE-625,2020,1,CWE-625,CWE-625,False
CWE-625,2023,1,CWE-625,CWE-625,False
CWE-626,2019,2,CWE-626,CWE-626,False
CWE-626,2020,1,CWE-626,CWE-626,False
CWE-627,2023,1,CWE-627,CWE-627,False
CWE-627,2024,1,CWE-627,CWE-627,False
CWE-628,2019,2,CWE-628,CWE-628,False
CWE-628,2025,1,CWE-628,CWE-628,False
CWE-636,2021,2,CWE-636,CWE-636,False
CWE-636,2023,5,CWE-636,CWE-636,False
CWE-636,2024,4,CWE-636,CWE-636,False
CWE-636,2025,2,CWE-636,CWE-636,False
CWE-638,2024,1,CWE-638,CWE-638,False
CWE-639,2012,1,IDOR,CWE-639 - IDOR,False
CWE-639,2014,1,IDOR,CWE-639 - IDOR,False
CWE-639,2017,20,IDOR,CWE-639 - IDOR,False
CWE-639,2018,15,IDOR,CWE-639 - IDOR,False
CWE-639,2019,54,IDOR,CWE-639 - IDOR,False
CWE-639,2020,51,IDOR,CWE-639 - IDOR,False
CWE-639,2021,90,IDOR,CWE-639 - IDOR,False
CWE-639,2022,126,IDOR,CWE-639 - IDOR,False
CWE-639,2023,180,IDOR,CWE-639 - IDOR,False
CWE-639,2024,299,IDOR,CWE-639 - IDOR,False
CWE-639,2025,352,IDOR,CWE-639 - IDOR,False
CWE-64,2021,2,CWE-64,CWE-64,False
CWE-64,2025,7,CWE-64,CWE-64,False
CWE-640,2009,1,CWE-640,CWE-640,False
CWE-640,2012,2,CWE-640,CWE-640,False
CWE-640,2014,1,CWE-640,CWE-640,False
CWE-640,2015,5,CWE-640,CWE-640,False
CWE-640,2016,5,CWE-640,CWE-640,False
CWE-640,2017,19,CWE-640,CWE-640,False
CWE-640,2018,21,CWE-640,CWE-640,False
CWE-640,2019,16,CWE-640,CWE-640,False
CWE-640,2020,11,CWE-640,CWE-640,False
CWE-640,2021,24,CWE-640,CWE-640,False
CWE-640,2022,20,CWE-640,CWE-640,False
CWE-640,2023,30,CWE-640,CWE-640,False
CWE-640,2024,34,CWE-640,CWE-640,False
CWE-640,2025,42,CWE-640,CWE-640,False
CWE-641,2021,1,CWE-641,CWE-641,False
CWE-641,2022,2,CWE-641,CWE-641,False
CWE-641,2023,1,CWE-641,CWE-641,False
CWE-641,2024,3,CWE-641,CWE-641,False
CWE-641,2025,4,CWE-641,CWE-641,False
CWE-642,2017,1,CWE-642,CWE-642,False
CWE-642,2018,1,CWE-642,CWE-642,False
CWE-642,2019,1,CWE-642,CWE-642,False
CWE-642,2020,3,CWE-642,CWE-642,False
CWE-642,2022,2,CWE-642,CWE-642,False
CWE-642,2023,1,CWE-642,CWE-642,False
CWE-642,2024,3,CWE-642,CWE-642,False
CWE-642,2025,3,CWE-642,CWE-642,False
CWE-643,2020,1,CWE-643,CWE-643,False
CWE-643,2022,1,CWE-643,CWE-643,False
CWE-643,2023,3,CWE-643,CWE-643,False
CWE-643,2024,3,CWE-643,CWE-643,False
CWE-643,2025,2,CWE-643,CWE-643,False
CWE-644,2017,1,CWE-644,CWE-644,False
CWE-644,2020,1,CWE-644,CWE-644,False
CWE-644,2021,4,CWE-644,CWE-644,False
CWE-644,2022,4,CWE-644,CWE-644,False
CWE-644,2023,7,CWE-644,CWE-644,False
CWE-644,2024,7,CWE-644,CWE-644,False
CWE-644,2025,13,CWE-644,CWE-644,False
CWE-645,2023,1,CWE-645,CWE-645,False
CWE-645,2024,2,CWE-645,CWE-645,False
CWE-645,2025,2,CWE-645,CWE-645,False
CWE-646,2021,1,CWE-646,CWE-646,False
CWE-646,2023,1,CWE-646,CWE-646,False
CWE-646,2024,2,CWE-646,CWE-646,False
CWE-646,2025,4,CWE-646,CWE-646,False
CWE-647,2022,1,CWE-647,CWE-647,False
CWE-647,2025,4,CWE-647,CWE-647,False
CWE-648,2019,10,CWE-648,CWE-648,False
CWE-648,2020,2,CWE-648,CWE-648,False
CWE-648,2022,11,CWE-648,CWE-648,False
CWE-648,2023,9,CWE-648,CWE-648,False
CWE-648,2024,7,CWE-648,CWE-648,False
CWE-648,2025,12,CWE-648,CWE-648,False
CWE-649,2010,1,CWE-649,CWE-649,False
CWE-649,2019,1,CWE-649,CWE-649,False
CWE-649,2024,2,CWE-649,CWE-649,False
CWE-649,2025,1,CWE-649,CWE-649,False
CWE-65,2019,4,CWE-65,CWE-65,False
CWE-65,2020,1,CWE-65,CWE-65,False
CWE-65,2022,1,CWE-65,CWE-65,False
CWE-650,2022,1,CWE-650,CWE-650,False
CWE-650,2023,1,CWE-650,CWE-650,False
CWE-650,2024,5,CWE-650,CWE-650,False
CWE-650,2025,1,CWE-650,CWE-650,False
CWE-652,2023,2,CWE-652,CWE-652,False
CWE-653,2023,3,CWE-653,CWE-653,False
CWE-653,2024,20,CWE-653,CWE-653,False
CWE-653,2025,19,CWE-653,CWE-653,False
CWE-654,2024,1,CWE-654,CWE-654,False
CWE-656,2020,3,CWE-656,CWE-656,False
CWE-656,2024,3,CWE-656,CWE-656,False
CWE-656,2025,2,CWE-656,CWE-656,False
CWE-657,2017,1,CWE-657,CWE-657,False
CWE-657,2019,3,CWE-657,CWE-657,False
CWE-657,2020,1,CWE-657,CWE-657,False
CWE-657,2021,3,CWE-657,CWE-657,False
CWE-657,2022,2,CWE-657,CWE-657,False
CWE-657,2023,2,CWE-657,CWE-657,False
CWE-657,2024,3,CWE-657,CWE-657,False
CWE-657,2025,2,CWE-657,CWE-657,False
CWE-66,2024,1,CWE-66,CWE-66,False
CWE-662,2016,1,CWE-662,CWE-662,False
CWE-662,2018,3,CWE-662,CWE-662,False
CWE-662,2019,6,CWE-662,CWE-662,False
CWE-662,2020,15,CWE-662,CWE-662,False
CWE-662,2021,6,CWE-662,CWE-662,False
CWE-662,2022,12,CWE-662,CWE-662,False
CWE-662,2023,7,CWE-662,CWE-662,False
CWE-662,2024,4,CWE-662,CWE-662,False
CWE-662,2025,2,CWE-662,CWE-662,False
CWE-664,2016,1,CWE-664,CWE-664,False
CWE-664,2019,2,CWE-664,CWE-664,False
CWE-664,2020,6,CWE-664,CWE-664,False
CWE-664,2021,1,CWE-664,CWE-664,False
CWE-664,2022,13,CWE-664,CWE-664,False
CWE-664,2023,4,CWE-664,CWE-664,False
CWE-664,2024,6,CWE-664,CWE-664,False
CWE-664,2025,6,CWE-664,CWE-664,False
CWE-665,1999,1,CWE-665,CWE-665,False
CWE-665,2001,1,CWE-665,CWE-665,False
CWE-665,2007,1,CWE-665,CWE-665,False
CWE-665,2008,2,CWE-665,CWE-665,False
CWE-665,2010,2,CWE-665,CWE-665,False
CWE-665,2011,2,CWE-665,CWE-665,False
CWE-665,2012,1,CWE-665,CWE-665,False
CWE-665,2013,2,CWE-665,CWE-665,False
CWE-665,2014,4,CWE-665,CWE-665,False
CWE-665,2015,1,CWE-665,CWE-665,False
CWE-665,2016,4,CWE-665,CWE-665,False
CWE-665,2017,23,CWE-665,CWE-665,False
CWE-665,2018,37,CWE-665,CWE-665,False
CWE-665,2019,40,CWE-665,CWE-665,False
CWE-665,2020,44,CWE-665,CWE-665,False
CWE-665,2021,57,CWE-665,CWE-665,False
CWE-665,2022,42,CWE-665,CWE-665,False
CWE-665,2023,39,CWE-665,CWE-665,False
CWE-665,2024,23,CWE-665,CWE-665,False
CWE-665,2025,12,CWE-665,CWE-665,False
CWE-667,2000,2,CWE-667,CWE-667,False
CWE-667,2001,1,CWE-667,CWE-667,False
CWE-667,2002,5,CWE-667,CWE-667,False
CWE-667,2004,1,CWE-667,CWE-667,False
CWE-667,2005,3,CWE-667,CWE-667,False
CWE-667,2006,4,CWE-667,CWE-667,False
CWE-667,2008,1,CWE-667,CWE-667,False
CWE-667,2009,7,CWE-667,CWE-667,False
CWE-667,2010,1,CWE-667,CWE-667,False
CWE-667,2018,5,CWE-667,CWE-667,False
CWE-667,2019,25,CWE-667,CWE-667,False
CWE-667,2020,25,CWE-667,CWE-667,False
CWE-667,2021,60,CWE-667,CWE-667,False
CWE-667,2022,99,CWE-667,CWE-667,False
CWE-667,2023,77,CWE-667,CWE-667,False
CWE-667,2024,192,CWE-667,CWE-667,False
CWE-667,2025,106,CWE-667,CWE-667,False
CWE-668,2001,2,CWE-668,CWE-668,False
CWE-668,2004,1,CWE-668,CWE-668,False
CWE-668,2005,1,CWE-668,CWE-668,False
CWE-668,2007,1,CWE-668,CWE-668,False
CWE-668,2008,2,CWE-668,CWE-668,False
CWE-668,2009,1,CWE-668,CWE-668,False
CWE-668,2011,2,CWE-668,CWE-668,False
CWE-668,2012,2,CWE-668,CWE-668,False
CWE-668,2013,7,CWE-668,CWE-668,False
CWE-668,2014,2,CWE-668,CWE-668,False
CWE-668,2015,2,CWE-668,CWE-668,False
CWE-668,2016,8,CWE-668,CWE-668,False
CWE-668,2017,34,CWE-668,CWE-668,False
CWE-668,2018,18,CWE-668,CWE-668,False
CWE-668,2019,44,CWE-668,CWE-668,False
CWE-668,2020,74,CWE-668,CWE-668,False
CWE-668,2021,126,CWE-668,CWE-668,False
CWE-668,2022,127,CWE-668,CWE-668,False
CWE-668,2023,163,CWE-668,CWE-668,False
CWE-668,2024,33,CWE-668,CWE-668,False
CWE-668,2025,22,CWE-668,CWE-668,False
CWE-669,2002,1,CWE-669,CWE-669,False
CWE-669,2004,1,CWE-669,CWE-669,False
CWE-669,2012,1,CWE-669,CWE-669,False
CWE-669,2016,1,CWE-669,CWE-669,False
CWE-669,2017,1,CWE-669,CWE-669,False
CWE-669,2018,1,CWE-669,CWE-669,False
CWE-669,2019,9,CWE-669,CWE-669,False
CWE-669,2020,11,CWE-669,CWE-669,False
CWE-669,2021,10,CWE-669,CWE-669,False
CWE-669,2022,7,CWE-669,CWE-669,False
CWE-669,2023,6,CWE-669,CWE-669,False
CWE-669,2024,5,CWE-669,CWE-669,False
CWE-669,2025,17,CWE-669,CWE-669,False
CWE-67,2024,2,CWE-67,CWE-67,False
CWE-67,2025,1,CWE-67,CWE-67,False
CWE-670,2014,1,CWE-670,CWE-670,False
CWE-670,2017,1,CWE-670,CWE-670,False
CWE-670,2018,3,CWE-670,CWE-670,False
CWE-670,2019,6,CWE-670,CWE-670,False
CWE-670,2020,11,CWE-670,CWE-670,False
CWE-670,2021,14,CWE-670,CWE-670,False
CWE-670,2022,18,CWE-670,CWE-670,False
CWE-670,2023,20,CWE-670,CWE-670,False
CWE-670,2024,28,CWE-670,CWE-670,False
CWE-670,2025,10,CWE-670,CWE-670,False
CWE-671,2018,1,CWE-671,CWE-671,False
CWE-671,2022,1,CWE-671,CWE-671,False
CWE-671,2023,1,CWE-671,CWE-671,False
CWE-671,2025,1,CWE-671,CWE-671,False
CWE-672,2009,1,CWE-672,CWE-672,False
CWE-672,2017,2,CWE-672,CWE-672,False
CWE-672,2018,1,CWE-672,CWE-672,False
CWE-672,2019,6,CWE-672,CWE-672,False
CWE-672,2020,7,CWE-672,CWE-672,False
CWE-672,2021,7,CWE-672,CWE-672,False
CWE-672,2022,8,CWE-672,CWE-672,False
CWE-672,2023,6,CWE-672,CWE-672,False
CWE-672,2024,14,CWE-672,CWE-672,False
CWE-672,2025,12,CWE-672,CWE-672,False
CWE-673,2025,1,CWE-673,CWE-673,False
CWE-674,2007,2,CWE-674,CWE-674,False
CWE-674,2016,4,CWE-674,CWE-674,False
CWE-674,2017,22,CWE-674,CWE-674,False
CWE-674,2018,25,CWE-674,CWE-674,False
CWE-674,2019,50,CWE-674,CWE-674,False
CWE-674,2020,37,CWE-674,CWE-674,False
CWE-674,2021,35,CWE-674,CWE-674,False
CWE-674,2022,46,CWE-674,CWE-674,False
CWE-674,2023,24,CWE-674,CWE-674,False
CWE-674,2024,37,CWE-674,CWE-674,False
CWE-674,2025,43,CWE-674,CWE-674,False
CWE-675,2019,1,CWE-675,CWE-675,False
CWE-675,2025,1,CWE-675,CWE-675,False
CWE-676,2021,1,CWE-676,CWE-676,False
CWE-676,2022,1,CWE-676,CWE-676,False
CWE-676,2024,3,CWE-676,CWE-676,False
CWE-680,2018,4,CWE-680,CWE-680,False
CWE-680,2019,3,CWE-680,CWE-680,False
CWE-680,2020,7,CWE-680,CWE-680,False
CWE-680,2021,42,CWE-680,CWE-680,False
CWE-680,2022,11,CWE-680,CWE-680,False
CWE-680,2023,8,CWE-680,CWE-680,False
CWE-680,2024,14,CWE-680,CWE-680,False
CWE-680,2025,12,CWE-680,CWE-680,False
CWE-681,2007,2,CWE-681,CWE-681,False
CWE-681,2008,2,CWE-681,CWE-681,False
CWE-681,2009,1,CWE-681,CWE-681,False
CWE-681,2010,1,CWE-681,CWE-681,False
CWE-681,2014,2,CWE-681,CWE-681,False
CWE-681,2015,1,CWE-681,CWE-681,False
CWE-681,2016,1,CWE-681,CWE-681,False
CWE-681,2017,4,CWE-681,CWE-681,False
CWE-681,2018,6,CWE-681,CWE-681,False
CWE-681,2019,12,CWE-681,CWE-681,False
CWE-681,2020,13,CWE-681,CWE-681,False
CWE-681,2021,21,CWE-681,CWE-681,False
CWE-681,2022,13,CWE-681,CWE-681,False
CWE-681,2023,11,CWE-681,CWE-681,False
CWE-681,2024,6,CWE-681,CWE-681,False
CWE-681,2025,4,CWE-681,CWE-681,False
CWE-682,2011,2,CWE-682,CWE-682,False
CWE-682,2016,2,CWE-682,CWE-682,False
CWE-682,2017,16,CWE-682,CWE-682,False
CWE-682,2018,8,CWE-682,CWE-682,False
CWE-682,2019,11,CWE-682,CWE-682,False
CWE-682,2020,10,CWE-682,CWE-682,False
CWE-682,2021,13,CWE-682,CWE-682,False
CWE-682,2022,20,CWE-682,CWE-682,False
CWE-682,2023,16,CWE-682,CWE-682,False
CWE-682,2024,10,CWE-682,CWE-682,False
CWE-682,2025,7,CWE-682,CWE-682,False
CWE-683,2023,2,CWE-683,CWE-683,False
CWE-683,2025,1,CWE-683,CWE-683,False
CWE-684,2020,1,CWE-684,CWE-684,False
CWE-684,2022,1,CWE-684,CWE-684,False
CWE-684,2023,4,CWE-684,CWE-684,False
CWE-684,2024,6,CWE-684,CWE-684,False
CWE-684,2025,6,CWE-684,CWE-684,False
CWE-686,2023,1,CWE-686,CWE-686,False
CWE-686,2024,1,CWE-686,CWE-686,False
CWE-686,2025,1,CWE-686,CWE-686,False
CWE-687,2024,2,CWE-687,CWE-687,False
CWE-687,2025,1,CWE-687,CWE-687,False
CWE-688,2021,1,CWE-688,CWE-688,False
CWE-689,2022,1,CWE-689,CWE-689,False
CWE-689,2025,2,CWE-689,CWE-689,False
CWE-69,2024,1,CWE-69,CWE-69,False
CWE-69,2025,1,CWE-69,CWE-69,False
CWE-690,2020,4,CWE-690,CWE-690,False
CWE-690,2022,5,CWE-690,CWE-690,False
CWE-690,2024,12,CWE-690,CWE-690,False
CWE-690,2025,1,CWE-690,CWE-690,False
CWE-691,2021,2,CWE-691,CWE-691,False
CWE-691,2022,7,CWE-691,CWE-691,False
CWE-691,2023,5,CWE-691,CWE-691,False
CWE-691,2024,7,CWE-691,CWE-691,False
CWE-691,2025,10,CWE-691,CWE-691,False
CWE-692,2023,1,CWE-692,CWE-692,False
CWE-692,2024,2,CWE-692,CWE-692,False
CWE-692,2025,3,CWE-692,CWE-692,False
CWE-693,2011,1,CWE-693,CWE-693,False
CWE-693,2013,2,CWE-693,CWE-693,False
CWE-693,2014,1,CWE-693,CWE-693,False
CWE-693,2016,1,CWE-693,CWE-693,False
CWE-693,2017,6,CWE-693,CWE-693,False
CWE-693,2018,29,CWE-693,CWE-693,False
CWE-693,2019,17,CWE-693,CWE-693,False
CWE-693,2020,16,CWE-693,CWE-693,False
CWE-693,2021,19,CWE-693,CWE-693,False
CWE-693,2022,45,CWE-693,CWE-693,False
CWE-693,2023,40,CWE-693,CWE-693,False
CWE-693,2024,83,CWE-693,CWE-693,False
CWE-693,2025,110,CWE-693,CWE-693,False
CWE-694,2020,2,CWE-694,CWE-694,False
CWE-694,2021,1,CWE-694,CWE-694,False
CWE-694,2022,1,CWE-694,CWE-694,False
CWE-694,2023,1,CWE-694,CWE-694,False
CWE-694,2024,1,CWE-694,CWE-694,False
CWE-694,2025,2,CWE-694,CWE-694,False
CWE-696,2021,3,CWE-696,CWE-696,False
CWE-696,2023,4,CWE-696,CWE-696,False
CWE-696,2024,5,CWE-696,CWE-696,False
CWE-696,2025,6,CWE-696,CWE-696,False
CWE-697,2005,1,CWE-697,CWE-697,False
CWE-697,2011,1,CWE-697,CWE-697,False
CWE-697,2014,1,CWE-697,CWE-697,False
CWE-697,2015,3,CWE-697,CWE-697,False
CWE-697,2016,1,CWE-697,CWE-697,False
CWE-697,2019,2,CWE-697,CWE-697,False
CWE-697,2020,20,CWE-697,CWE-697,False
CWE-697,2021,24,CWE-697,CWE-697,False
CWE-697,2022,24,CWE-697,CWE-697,False
CWE-697,2023,34,CWE-697,CWE-697,False
CWE-697,2024,18,CWE-697,CWE-697,False
CWE-697,2025,9,CWE-697,CWE-697,False
CWE-698,2024,8,CWE-698,CWE-698,False
CWE-698,2025,2,CWE-698,CWE-698,False
CWE-701,2021,2,CWE-701,CWE-701,False
CWE-701,2022,2,CWE-701,CWE-701,False
CWE-701,2023,2,CWE-701,CWE-701,False
CWE-701,2024,3,CWE-701,CWE-701,False
CWE-702,2024,1,CWE-702,CWE-702,False
CWE-703,2017,1,CWE-703,CWE-703,False
CWE-703,2018,2,CWE-703,CWE-703,False
CWE-703,2019,4,CWE-703,CWE-703,False
CWE-703,2020,3,CWE-703,CWE-703,False
CWE-703,2021,21,CWE-703,CWE-703,False
CWE-703,2022,16,CWE-703,CWE-703,False
CWE-703,2023,26,CWE-703,CWE-703,False
CWE-703,2024,29,CWE-703,CWE-703,False
CWE-703,2025,28,CWE-703,CWE-703,False
CWE-704,2010,2,CWE-704,CWE-704,False
CWE-704,2011,11,CWE-704,CWE-704,False
CWE-704,2014,1,CWE-704,CWE-704,False
CWE-704,2015,2,CWE-704,CWE-704,False
CWE-704,2016,13,CWE-704,CWE-704,False
CWE-704,2017,31,CWE-704,CWE-704,False
CWE-704,2018,105,CWE-704,CWE-704,False
CWE-704,2019,7,CWE-704,CWE-704,False
CWE-704,2020,4,CWE-704,CWE-704,False
CWE-704,2021,18,CWE-704,CWE-704,False
CWE-704,2022,16,CWE-704,CWE-704,False
CWE-704,2023,10,CWE-704,CWE-704,False
CWE-704,2024,13,CWE-704,CWE-704,False
CWE-704,2025,11,CWE-704,CWE-704,False
CWE-705,2024,1,CWE-705,CWE-705,False
CWE-705,2025,2,CWE-705,CWE-705,False
CWE-706,2014,1,CWE-706,CWE-706,False
CWE-706,2018,3,CWE-706,CWE-706,False
CWE-706,2019,14,CWE-706,CWE-706,False
CWE-706,2020,11,CWE-706,CWE-706,False
CWE-706,2021,17,CWE-706,CWE-706,False
CWE-706,2022,10,CWE-706,CWE-706,False
CWE-706,2023,7,CWE-706,CWE-706,False
CWE-706,2024,12,CWE-706,CWE-706,False
CWE-706,2025,14,CWE-706,CWE-706,False
CWE-707,2018,1,CWE-707,CWE-707,False
CWE-707,2019,1,CWE-707,CWE-707,False
CWE-707,2020,7,CWE-707,CWE-707,False
CWE-707,2021,22,CWE-707,CWE-707,False
CWE-707,2022,162,CWE-707,CWE-707,False
CWE-707,2023,4,CWE-707,CWE-707,False
CWE-707,2024,20,CWE-707,CWE-707,False
CWE-707,2025,12,CWE-707,CWE-707,False
CWE-708,2021,3,CWE-708,CWE-708,False
CWE-708,2022,2,CWE-708,CWE-708,False
CWE-708,2023,5,CWE-708,CWE-708,False
CWE-708,2024,5,CWE-708,CWE-708,False
CWE-708,2025,3,CWE-708,CWE-708,False
CWE-710,2020,2,CWE-710,CWE-710,False
CWE-710,2021,2,CWE-710,CWE-710,False
CWE-710,2023,1,CWE-710,CWE-710,False
CWE-710,2025,1,CWE-710,CWE-710,False
CWE-714,2019,1,CWE-714,CWE-714,False
CWE-73,2011,1,CWE-73,CWE-73,False
CWE-73,2014,3,CWE-73,CWE-73,False
CWE-73,2018,4,CWE-73,CWE-73,False
CWE-73,2019,2,CWE-73,CWE-73,False
CWE-73,2020,17,CWE-73,CWE-73,False
CWE-73,2021,11,CWE-73,CWE-73,False
CWE-73,2022,22,CWE-73,CWE-73,False
CWE-73,2023,43,CWE-73,CWE-73,False
CWE-73,2024,87,CWE-73,CWE-73,False
CWE-73,2025,114,CWE-73,CWE-73,False
CWE-730,2025,2,CWE-730,CWE-730,False
CWE-732,2001,1,Incorrect Permission Assignment,CWE-732 - Incorrect Permission Assignment,False
CWE-732,2004,1,Incorrect Permission Assignment,CWE-732 - Incorrect Permission Assignment,False
CWE-732,2005,1,Incorrect Permission Assignment,CWE-732 - Incorrect Permission Assignment,False
CWE-732,2007,3,Incorrect Permission Assignment,CWE-732 - Incorrect Permission Assignment,False
CWE-732,2008,5,Incorrect Permission Assignment,CWE-732 - Incorrect Permission Assignment,False
CWE-732,2009,10,Incorrect Permission Assignment,CWE-732 - Incorrect Permission Assignment,False
CWE-732,2010,4,Incorrect Permission Assignment,CWE-732 - Incorrect Permission Assignment,False
CWE-732,2011,4,Incorrect Permission Assignment,CWE-732 - Incorrect Permission Assignment,False
CWE-732,2012,5,Incorrect Permission Assignment,CWE-732 - Incorrect Permission Assignment,False
CWE-732,2013,4,Incorrect Permission Assignment,CWE-732 - Incorrect Permission Assignment,False
CWE-732,2014,5,Incorrect Permission Assignment,CWE-732 - Incorrect Permission Assignment,False
CWE-732,2015,1,Incorrect Permission Assignment,CWE-732 - Incorrect Permission Assignment,False
CWE-732,2016,9,Incorrect Permission Assignment,CWE-732 - Incorrect Permission Assignment,False
CWE-732,2017,133,Incorrect Permission Assignment,CWE-732 - Incorrect Permission Assignment,False
CWE-732,2018,272,Incorrect Permission Assignment,CWE-732 - Incorrect Permission Assignment,False
CWE-732,2019,170,Incorrect Permission Assignment,CWE-732 - Incorrect Permission Assignment,False
CWE-732,2020,145,Incorrect Permission Assignment,CWE-732 - Incorrect Permission Assignment,False
CWE-732,2021,165,Incorrect Permission Assignment,CWE-732 - Incorrect Permission Assignment,False
CWE-732,2022,141,Incorrect Permission Assignment,CWE-732 - Incorrect Permission Assignment,False
CWE-732,2023,160,Incorrect Permission Assignment,CWE-732 - Incorrect Permission Assignment,False
CWE-732,2024,146,Incorrect Permission Assignment,CWE-732 - Incorrect Permission Assignment,False
CWE-732,2025,159,Incorrect Permission Assignment,CWE-732 - Incorrect Permission Assignment,False
CWE-733,2020,1,CWE-733,CWE-733,False
CWE-733,2024,1,CWE-733,CWE-733,False
CWE-733,2025,3,CWE-733,CWE-733,False
CWE-74,2004,2,Injection (umbrella),CWE-74 - Injection (umbrella),False
CWE-74,2005,3,Injection (umbrella),CWE-74 - Injection (umbrella),False
CWE-74,2007,1,Injection (umbrella),CWE-74 - Injection (umbrella),False
CWE-74,2008,1,Injection (umbrella),CWE-74 - Injection (umbrella),False
CWE-74,2009,1,Injection (umbrella),CWE-74 - Injection (umbrella),False
CWE-74,2010,3,Injection (umbrella),CWE-74 - Injection (umbrella),False
CWE-74,2011,6,Injection (umbrella),CWE-74 - Injection (umbrella),False
CWE-74,2012,5,Injection (umbrella),CWE-74 - Injection (umbrella),False
CWE-74,2013,20,Injection (umbrella),CWE-74 - Injection (umbrella),False
CWE-74,2014,20,Injection (umbrella),CWE-74 - Injection (umbrella),False
CWE-74,2015,28,Injection (umbrella),CWE-74 - Injection (umbrella),False
CWE-74,2016,26,Injection (umbrella),CWE-74 - Injection (umbrella),False
CWE-74,2017,117,Injection (umbrella),CWE-74 - Injection (umbrella),False
CWE-74,2018,48,Injection (umbrella),CWE-74 - Injection (umbrella),False
CWE-74,2019,76,Injection (umbrella),CWE-74 - Injection (umbrella),False
CWE-74,2020,135,Injection (umbrella),CWE-74 - Injection (umbrella),False
CWE-74,2021,168,Injection (umbrella),CWE-74 - Injection (umbrella),False
CWE-74,2022,116,Injection (umbrella),CWE-74 - Injection (umbrella),False
CWE-74,2023,164,Injection (umbrella),CWE-74 - Injection (umbrella),False
CWE-74,2024,331,Injection (umbrella),CWE-74 - Injection (umbrella),False
CWE-74,2025,2543,Injection (umbrella),CWE-74 - Injection (umbrella),False
CWE-749,2006,1,CWE-749,CWE-749,False
CWE-749,2010,2,CWE-749,CWE-749,False
CWE-749,2014,2,CWE-749,CWE-749,False
CWE-749,2016,2,CWE-749,CWE-749,False
CWE-749,2017,1,CWE-749,CWE-749,False
CWE-749,2018,4,CWE-749,CWE-749,False
CWE-749,2019,7,CWE-749,CWE-749,False
CWE-749,2020,12,CWE-749,CWE-749,False
CWE-749,2021,6,CWE-749,CWE-749,False
CWE-749,2022,4,CWE-749,CWE-749,False
CWE-749,2023,43,CWE-749,CWE-749,False
CWE-749,2024,25,CWE-749,CWE-749,False
CWE-749,2025,29,CWE-749,CWE-749,False
CWE-75,2016,1,CWE-75,CWE-75,False
CWE-75,2021,3,CWE-75,CWE-75,False
CWE-75,2022,4,CWE-75,CWE-75,False
CWE-75,2023,5,CWE-75,CWE-75,False
CWE-75,2024,16,CWE-75,CWE-75,False
CWE-75,2025,2,CWE-75,CWE-75,False
CWE-754,2014,1,CWE-754,CWE-754,False
CWE-754,2016,1,CWE-754,CWE-754,False
CWE-754,2017,16,CWE-754,CWE-754,False
CWE-754,2018,18,CWE-754,CWE-754,False
CWE-754,2019,31,CWE-754,CWE-754,False
CWE-754,2020,46,CWE-754,CWE-754,False
CWE-754,2021,66,CWE-754,CWE-754,False
CWE-754,2022,65,CWE-754,CWE-754,False
CWE-754,2023,66,CWE-754,CWE-754,False
CWE-754,2024,106,CWE-754,CWE-754,False
CWE-754,2025,66,CWE-754,CWE-754,False
CWE-755,2006,1,CWE-755,CWE-755,False
CWE-755,2009,1,CWE-755,CWE-755,False
CWE-755,2011,3,CWE-755,CWE-755,False
CWE-755,2012,1,CWE-755,CWE-755,False
CWE-755,2013,1,CWE-755,CWE-755,False
CWE-755,2014,1,CWE-755,CWE-755,False
CWE-755,2015,1,CWE-755,CWE-755,False
CWE-755,2016,2,CWE-755,CWE-755,False
CWE-755,2017,30,CWE-755,CWE-755,False
CWE-755,2018,15,CWE-755,CWE-755,False
CWE-755,2019,77,CWE-755,CWE-755,False
CWE-755,2020,65,CWE-755,CWE-755,False
CWE-755,2021,92,CWE-755,CWE-755,False
CWE-755,2022,101,CWE-755,CWE-755,False
CWE-755,2023,70,CWE-755,CWE-755,False
CWE-755,2024,61,CWE-755,CWE-755,False
CWE-755,2025,25,CWE-755,CWE-755,False
CWE-756,2018,1,CWE-756,CWE-756,False
CWE-756,2022,1,CWE-756,CWE-756,False
CWE-756,2023,1,CWE-756,CWE-756,False
CWE-757,2017,2,CWE-757,CWE-757,False
CWE-757,2018,1,CWE-757,CWE-757,False
CWE-757,2019,2,CWE-757,CWE-757,False
CWE-757,2020,2,CWE-757,CWE-757,False
CWE-757,2021,1,CWE-757,CWE-757,False
CWE-757,2022,2,CWE-757,CWE-757,False
CWE-757,2023,1,CWE-757,CWE-757,False
CWE-757,2024,5,CWE-757,CWE-757,False
CWE-757,2025,4,CWE-757,CWE-757,False
CWE-758,2023,1,CWE-758,CWE-758,False
CWE-758,2024,1,CWE-758,CWE-758,False
CWE-758,2025,2,CWE-758,CWE-758,False
CWE-759,2020,2,CWE-759,CWE-759,False
CWE-759,2021,1,CWE-759,CWE-759,False
CWE-759,2023,2,CWE-759,CWE-759,False
CWE-759,2024,2,CWE-759,CWE-759,False
CWE-759,2025,5,CWE-759,CWE-759,False
CWE-76,2023,2,CWE-76,CWE-76,False
CWE-76,2024,7,CWE-76,CWE-76,False
CWE-760,2018,1,CWE-760,CWE-760,False
CWE-760,2020,1,CWE-760,CWE-760,False
CWE-760,2021,1,CWE-760,CWE-760,False
CWE-760,2023,1,CWE-760,CWE-760,False
CWE-760,2024,2,CWE-760,CWE-760,False
CWE-760,2025,1,CWE-760,CWE-760,False
CWE-761,2024,1,CWE-761,CWE-761,False
CWE-761,2025,1,CWE-761,CWE-761,False
CWE-762,2023,3,CWE-762,CWE-762,False
CWE-762,2024,3,CWE-762,CWE-762,False
CWE-762,2025,5,CWE-762,CWE-762,False
CWE-763,2007,1,CWE-763,CWE-763,False
CWE-763,2013,1,CWE-763,CWE-763,False
CWE-763,2015,1,CWE-763,CWE-763,False
CWE-763,2017,2,CWE-763,CWE-763,False
CWE-763,2018,2,CWE-763,CWE-763,False
CWE-763,2019,8,CWE-763,CWE-763,False
CWE-763,2020,17,CWE-763,CWE-763,False
CWE-763,2021,14,CWE-763,CWE-763,False
CWE-763,2022,14,CWE-763,CWE-763,False
CWE-763,2023,6,CWE-763,CWE-763,False
CWE-763,2024,12,CWE-763,CWE-763,False
CWE-763,2025,7,CWE-763,CWE-763,False
CWE-765,2024,1,CWE-765,CWE-765,False
CWE-767,2016,1,CWE-767,CWE-767,False
CWE-767,2020,1,CWE-767,CWE-767,False
CWE-767,2024,2,CWE-767,CWE-767,False
CWE-769,2017,2,CWE-769,CWE-769,False
CWE-769,2018,1,CWE-769,CWE-769,False
CWE-769,2025,1,CWE-769,CWE-769,False
CWE-77,2005,2,Command Injection,CWE-77 - Command Injection,False
CWE-77,2007,1,Command Injection,CWE-77 - Command Injection,False
CWE-77,2008,3,Command Injection,CWE-77 - Command Injection,False
CWE-77,2009,2,Command Injection,CWE-77 - Command Injection,False
CWE-77,2010,4,Command Injection,CWE-77 - Command Injection,False
CWE-77,2011,1,Command Injection,CWE-77 - Command Injection,False
CWE-77,2012,2,Command Injection,CWE-77 - Command Injection,False
CWE-77,2013,9,Command Injection,CWE-77 - Command Injection,False
CWE-77,2014,36,Command Injection,CWE-77 - Command Injection,False
CWE-77,2015,56,Command Injection,CWE-77 - Command Injection,False
CWE-77,2016,69,Command Injection,CWE-77 - Command Injection,False
CWE-77,2017,74,Command Injection,CWE-77 - Command Injection,False
CWE-77,2018,66,Command Injection,CWE-77 - Command Injection,False
CWE-77,2019,143,Command Injection,CWE-77 - Command Injection,False
CWE-77,2020,180,Command Injection,CWE-77 - Command Injection,False
CWE-77,2021,323,Command Injection,CWE-77 - Command Injection,False
CWE-77,2022,198,Command Injection,CWE-77 - Command Injection,False
CWE-77,2023,508,Command Injection,CWE-77 - Command Injection,False
CWE-77,2024,541,Command Injection,CWE-77 - Command Injection,False
CWE-77,2025,665,Command Injection,CWE-77 - Command Injection,False
CWE-770,2001,1,Allocation Without Limits,CWE-770 - Allocation Without Limits,False
CWE-770,2005,2,Allocation Without Limits,CWE-770 - Allocation Without Limits,False
CWE-770,2008,3,Allocation Without Limits,CWE-770 - Allocation Without Limits,False
CWE-770,2009,4,Allocation Without Limits,CWE-770 - Allocation Without Limits,False
CWE-770,2011,1,Allocation Without Limits,CWE-770 - Allocation Without Limits,False
CWE-770,2014,1,Allocation Without Limits,CWE-770 - Allocation Without Limits,False
CWE-770,2016,4,Allocation Without Limits,CWE-770 - Allocation Without Limits,False
CWE-770,2017,53,Allocation Without Limits,CWE-770 - Allocation Without Limits,False
CWE-770,2018,47,Allocation Without Limits,CWE-770 - Allocation Without Limits,False
CWE-770,2019,99,Allocation Without Limits,CWE-770 - Allocation Without Limits,False
CWE-770,2020,68,Allocation Without Limits,CWE-770 - Allocation Without Limits,False
CWE-770,2021,137,Allocation Without Limits,CWE-770 - Allocation Without Limits,False
CWE-770,2022,179,Allocation Without Limits,CWE-770 - Allocation Without Limits,False
CWE-770,2023,212,Allocation Without Limits,CWE-770 - Allocation Without Limits,False
CWE-770,2024,302,Allocation Without Limits,CWE-770 - Allocation Without Limits,False
CWE-770,2025,304,Allocation Without Limits,CWE-770 - Allocation Without Limits,False
CWE-771,2021,1,CWE-771,CWE-771,False
CWE-771,2023,1,CWE-771,CWE-771,False
CWE-771,2024,1,CWE-771,CWE-771,False
CWE-771,2025,1,CWE-771,CWE-771,False
CWE-772,1999,1,CWE-772,CWE-772,False
CWE-772,2001,1,CWE-772,CWE-772,False
CWE-772,2003,1,CWE-772,CWE-772,False
CWE-772,2007,2,CWE-772,CWE-772,False
CWE-772,2008,2,CWE-772,CWE-772,False
CWE-772,2009,3,CWE-772,CWE-772,False
CWE-772,2010,3,CWE-772,CWE-772,False
CWE-772,2011,5,CWE-772,CWE-772,False
CWE-772,2013,1,CWE-772,CWE-772,False
CWE-772,2015,10,CWE-772,CWE-772,False
CWE-772,2016,12,CWE-772,CWE-772,False
CWE-772,2017,204,CWE-772,CWE-772,False
CWE-772,2018,86,CWE-772,CWE-772,False
CWE-772,2019,16,CWE-772,CWE-772,False
CWE-772,2020,10,CWE-772,CWE-772,False
CWE-772,2021,19,CWE-772,CWE-772,False
CWE-772,2022,16,CWE-772,CWE-772,False
CWE-772,2023,13,CWE-772,CWE-772,False
CWE-772,2024,16,CWE-772,CWE-772,False
CWE-772,2025,14,CWE-772,CWE-772,False
CWE-774,2018,1,CWE-774,CWE-774,False
CWE-774,2024,1,CWE-774,CWE-774,False
CWE-775,2016,1,CWE-775,CWE-775,False
CWE-775,2017,1,CWE-775,CWE-775,False
CWE-775,2024,1,CWE-775,CWE-775,False
CWE-775,2025,2,CWE-775,CWE-775,False
CWE-776,2003,1,CWE-776,CWE-776,False
CWE-776,2008,1,CWE-776,CWE-776,False
CWE-776,2009,1,CWE-776,CWE-776,False
CWE-776,2011,2,CWE-776,CWE-776,False
CWE-776,2012,2,CWE-776,CWE-776,False
CWE-776,2013,3,CWE-776,CWE-776,False
CWE-776,2014,1,CWE-776,CWE-776,False
CWE-776,2015,1,CWE-776,CWE-776,False
CWE-776,2017,2,CWE-776,CWE-776,False
CWE-776,2018,1,CWE-776,CWE-776,False
CWE-776,2019,8,CWE-776,CWE-776,False
CWE-776,2020,8,CWE-776,CWE-776,False
CWE-776,2021,9,CWE-776,CWE-776,False
CWE-776,2022,9,CWE-776,CWE-776,False
CWE-776,2023,7,CWE-776,CWE-776,False
CWE-776,2024,6,CWE-776,CWE-776,False
CWE-776,2025,4,CWE-776,CWE-776,False
CWE-778,2019,3,CWE-778,CWE-778,False
CWE-778,2021,3,CWE-778,CWE-778,False
CWE-778,2022,3,CWE-778,CWE-778,False
CWE-778,2023,1,CWE-778,CWE-778,False
CWE-778,2024,4,CWE-778,CWE-778,False
CWE-778,2025,4,CWE-778,CWE-778,False
CWE-779,2021,4,CWE-779,CWE-779,False
CWE-779,2022,4,CWE-779,CWE-779,False
CWE-779,2023,1,CWE-779,CWE-779,False
CWE-779,2024,4,CWE-779,CWE-779,False
CWE-779,2025,3,CWE-779,CWE-779,False
CWE-78,2001,1,OS Command Injection,CWE-78 - OS Command Injection,False
CWE-78,2002,3,OS Command Injection,CWE-78 - OS Command Injection,False
CWE-78,2003,1,OS Command Injection,CWE-78 - OS Command Injection,False
CWE-78,2004,1,OS Command Injection,CWE-78 - OS Command Injection,False
CWE-78,2005,3,OS Command Injection,CWE-78 - OS Command Injection,False
CWE-78,2006,2,OS Command Injection,CWE-78 - OS Command Injection,False
CWE-78,2007,6,OS Command Injection,CWE-78 - OS Command Injection,False
CWE-78,2008,15,OS Command Injection,CWE-78 - OS Command Injection,False
CWE-78,2009,12,OS Command Injection,CWE-78 - OS Command Injection,False
CWE-78,2010,14,OS Command Injection,CWE-78 - OS Command Injection,False
CWE-78,2011,20,OS Command Injection,CWE-78 - OS Command Injection,False
CWE-78,2012,44,OS Command Injection,CWE-78 - OS Command Injection,False
CWE-78,2013,56,OS Command Injection,CWE-78 - OS Command Injection,False
CWE-78,2014,51,OS Command Injection,CWE-78 - OS Command Injection,False
CWE-78,2015,50,OS Command Injection,CWE-78 - OS Command Injection,False
CWE-78,2016,43,OS Command Injection,CWE-78 - OS Command Injection,False
CWE-78,2017,185,OS Command Injection,CWE-78 - OS Command Injection,False
CWE-78,2018,394,OS Command Injection,CWE-78 - OS Command Injection,False
CWE-78,2019,421,OS Command Injection,CWE-78 - OS Command Injection,False
CWE-78,2020,490,OS Command Injection,CWE-78 - OS Command Injection,False
CWE-78,2021,510,OS Command Injection,CWE-78 - OS Command Injection,False
CWE-78,2022,645,OS Command Injection,CWE-78 - OS Command Injection,False
CWE-78,2023,615,OS Command Injection,CWE-78 - OS Command Injection,False
CWE-78,2024,730,OS Command Injection,CWE-78 - OS Command Injection,False
CWE-78,2025,723,OS Command Injection,CWE-78 - OS Command Injection,False
CWE-780,2022,1,CWE-780,CWE-780,False
CWE-780,2024,1,CWE-780,CWE-780,False
CWE-780,2025,1,CWE-780,CWE-780,False
CWE-782,2021,10,CWE-782,CWE-782,False
CWE-782,2023,2,CWE-782,CWE-782,False
CWE-782,2024,10,CWE-782,CWE-782,False
CWE-782,2025,4,CWE-782,CWE-782,False
CWE-783,2017,1,CWE-783,CWE-783,False
CWE-783,2022,1,CWE-783,CWE-783,False
CWE-783,2024,13,CWE-783,CWE-783,False
CWE-783,2025,2,CWE-783,CWE-783,False
CWE-784,2020,1,CWE-784,CWE-784,False
CWE-784,2022,1,CWE-784,CWE-784,False
CWE-784,2023,1,CWE-784,CWE-784,False
CWE-784,2024,1,CWE-784,CWE-784,False
CWE-786,2022,2,CWE-786,CWE-786,False
CWE-786,2023,1,CWE-786,CWE-786,False
CWE-786,2024,5,CWE-786,CWE-786,False
CWE-787,2002,1,Out-of-bounds Write,CWE-787 - Out-of-bounds Write,True
CWE-787,2003,2,Out-of-bounds Write,CWE-787 - Out-of-bounds Write,True
CWE-787,2004,7,Out-of-bounds Write,CWE-787 - Out-of-bounds Write,True
CWE-787,2005,1,Out-of-bounds Write,CWE-787 - Out-of-bounds Write,True
CWE-787,2006,6,Out-of-bounds Write,CWE-787 - Out-of-bounds Write,True
CWE-787,2007,10,Out-of-bounds Write,CWE-787 - Out-of-bounds Write,True
CWE-787,2008,5,Out-of-bounds Write,CWE-787 - Out-of-bounds Write,True
CWE-787,2009,17,Out-of-bounds Write,CWE-787 - Out-of-bounds Write,True
CWE-787,2010,35,Out-of-bounds Write,CWE-787 - Out-of-bounds Write,True
CWE-787,2011,35,Out-of-bounds Write,CWE-787 - Out-of-bounds Write,True
CWE-787,2012,27,Out-of-bounds Write,CWE-787 - Out-of-bounds Write,True
CWE-787,2013,34,Out-of-bounds Write,CWE-787 - Out-of-bounds Write,True
CWE-787,2014,54,Out-of-bounds Write,CWE-787 - Out-of-bounds Write,True
CWE-787,2015,55,Out-of-bounds Write,CWE-787 - Out-of-bounds Write,True
CWE-787,2016,218,Out-of-bounds Write,CWE-787 - Out-of-bounds Write,True
CWE-787,2017,370,Out-of-bounds Write,CWE-787 - Out-of-bounds Write,True
CWE-787,2018,987,Out-of-bounds Write,CWE-787 - Out-of-bounds Write,True
CWE-787,2019,1400,Out-of-bounds Write,CWE-787 - Out-of-bounds Write,True
CWE-787,2020,1479,Out-of-bounds Write,CWE-787 - Out-of-bounds Write,True
CWE-787,2021,1655,Out-of-bounds Write,CWE-787 - Out-of-bounds Write,True
CWE-787,2022,2196,Out-of-bounds Write,CWE-787 - Out-of-bounds Write,True
CWE-787,2023,2097,Out-of-bounds Write,CWE-787 - Out-of-bounds Write,True
CWE-787,2024,1545,Out-of-bounds Write,CWE-787 - Out-of-bounds Write,True
CWE-787,2025,956,Out-of-bounds Write,CWE-787 - Out-of-bounds Write,True
CWE-788,2019,4,CWE-788,CWE-788,False
CWE-788,2020,10,CWE-788,CWE-788,False
CWE-788,2021,107,CWE-788,CWE-788,False
CWE-788,2022,3,CWE-788,CWE-788,False
CWE-788,2023,6,CWE-788,CWE-788,False
CWE-788,2024,11,CWE-788,CWE-788,False
CWE-788,2025,2,CWE-788,CWE-788,False
CWE-789,2017,3,CWE-789,CWE-789,False
CWE-789,2018,1,CWE-789,CWE-789,False
CWE-789,2020,5,CWE-789,CWE-789,False
CWE-789,2021,8,CWE-789,CWE-789,False
CWE-789,2022,9,CWE-789,CWE-789,False
CWE-789,2023,15,CWE-789,CWE-789,False
CWE-789,2024,14,CWE-789,CWE-789,False
CWE-789,2025,22,CWE-789,CWE-789,False
CWE-79,2000,1,XSS,CWE-79 - XSS,True
CWE-79,2002,34,XSS,CWE-79 - XSS,True
CWE-79,2003,43,XSS,CWE-79 - XSS,True
CWE-79,2004,25,XSS,CWE-79 - XSS,True
CWE-79,2005,45,XSS,CWE-79 - XSS,True
CWE-79,2006,131,XSS,CWE-79 - XSS,True
CWE-79,2007,382,XSS,CWE-79 - XSS,True
CWE-79,2008,985,XSS,CWE-79 - XSS,True
CWE-79,2009,750,XSS,CWE-79 - XSS,True
CWE-79,2010,610,XSS,CWE-79 - XSS,True
CWE-79,2011,532,XSS,CWE-79 - XSS,True
CWE-79,2012,844,XSS,CWE-79 - XSS,True
CWE-79,2013,801,XSS,CWE-79 - XSS,True
CWE-79,2014,1040,XSS,CWE-79 - XSS,True
CWE-79,2015,981,XSS,CWE-79 - XSS,True
CWE-79,2016,832,XSS,CWE-79 - XSS,True
CWE-79,2017,1530,XSS,CWE-79 - XSS,True
CWE-79,2018,2124,XSS,CWE-79 - XSS,True
CWE-79,2019,1826,XSS,CWE-79 - XSS,True
CWE-79,2020,2351,XSS,CWE-79 - XSS,True
CWE-79,2021,2749,XSS,CWE-79 - XSS,True
CWE-79,2022,3018,XSS,CWE-79 - XSS,True
CWE-79,2023,4691,XSS,CWE-79 - XSS,True
CWE-79,2024,7897,XSS,CWE-79 - XSS,True
CWE-79,2025,6949,XSS,CWE-79 - XSS,True
CWE-790,2021,1,CWE-790,CWE-790,False
CWE-790,2023,2,CWE-790,CWE-790,False
CWE-790,2024,6,CWE-790,CWE-790,False
CWE-790,2025,1,CWE-790,CWE-790,False
CWE-791,2020,1,CWE-791,CWE-791,False
CWE-791,2022,2,CWE-791,CWE-791,False
CWE-791,2023,2,CWE-791,CWE-791,False
CWE-791,2024,7,CWE-791,CWE-791,False
CWE-791,2025,11,CWE-791,CWE-791,False
CWE-792,2022,1,CWE-792,CWE-792,False
CWE-792,2023,2,CWE-792,CWE-792,False
CWE-792,2025,2,CWE-792,CWE-792,False
CWE-794,2019,1,CWE-794,CWE-794,False
CWE-794,2020,1,CWE-794,CWE-794,False
CWE-794,2021,2,CWE-794,CWE-794,False
CWE-798,2000,1,Hard-coded Credentials,CWE-798 - Hard-coded Credentials,False
CWE-798,2005,3,Hard-coded Credentials,CWE-798 - Hard-coded Credentials,False
CWE-798,2006,2,Hard-coded Credentials,CWE-798 - Hard-coded Credentials,False
CWE-798,2007,1,Hard-coded Credentials,CWE-798 - Hard-coded Credentials,False
CWE-798,2008,3,Hard-coded Credentials,CWE-798 - Hard-coded Credentials,False
CWE-798,2009,1,Hard-coded Credentials,CWE-798 - Hard-coded Credentials,False
CWE-798,2010,3,Hard-coded Credentials,CWE-798 - Hard-coded Credentials,False
CWE-798,2012,7,Hard-coded Credentials,CWE-798 - Hard-coded Credentials,False
CWE-798,2013,11,Hard-coded Credentials,CWE-798 - Hard-coded Credentials,False
CWE-798,2014,14,Hard-coded Credentials,CWE-798 - Hard-coded Credentials,False
CWE-798,2015,10,Hard-coded Credentials,CWE-798 - Hard-coded Credentials,False
CWE-798,2016,40,Hard-coded Credentials,CWE-798 - Hard-coded Credentials,False
CWE-798,2017,103,Hard-coded Credentials,CWE-798 - Hard-coded Credentials,False
CWE-798,2018,132,Hard-coded Credentials,CWE-798 - Hard-coded Credentials,False
CWE-798,2019,127,Hard-coded Credentials,CWE-798 - Hard-coded Credentials,False
CWE-798,2020,186,Hard-coded Credentials,CWE-798 - Hard-coded Credentials,False
CWE-798,2021,170,Hard-coded Credentials,CWE-798 - Hard-coded Credentials,False
CWE-798,2022,193,Hard-coded Credentials,CWE-798 - Hard-coded Credentials,False
CWE-798,2023,191,Hard-coded Credentials,CWE-798 - Hard-coded Credentials,False
CWE-798,2024,190,Hard-coded Credentials,CWE-798 - Hard-coded Credentials,False
CWE-798,2025,182,Hard-coded Credentials,CWE-798 - Hard-coded Credentials,False
CWE-799,2016,1,CWE-799,CWE-799,False
CWE-799,2020,1,CWE-799,CWE-799,False
CWE-799,2021,7,CWE-799,CWE-799,False
CWE-799,2023,7,CWE-799,CWE-799,False
CWE-799,2024,16,CWE-799,CWE-799,False
CWE-799,2025,21,CWE-799,CWE-799,False
CWE-80,2003,1,CWE-80,CWE-80,False
CWE-80,2006,1,CWE-80,CWE-80,False
CWE-80,2008,1,CWE-80,CWE-80,False
CWE-80,2014,1,CWE-80,CWE-80,False
CWE-80,2016,2,CWE-80,CWE-80,False
CWE-80,2017,36,CWE-80,CWE-80,False
CWE-80,2018,16,CWE-80,CWE-80,False
CWE-80,2019,11,CWE-80,CWE-80,False
CWE-80,2020,30,CWE-80,CWE-80,False
CWE-80,2021,15,CWE-80,CWE-80,False
CWE-80,2022,37,CWE-80,CWE-80,False
CWE-80,2023,63,CWE-80,CWE-80,False
CWE-80,2024,113,CWE-80,CWE-80,False
CWE-80,2025,124,CWE-80,CWE-80,False
CWE-804,2022,2,CWE-804,CWE-804,False
CWE-804,2023,1,CWE-804,CWE-804,False
CWE-804,2024,2,CWE-804,CWE-804,False
CWE-804,2025,6,CWE-804,CWE-804,False
CWE-805,2019,1,CWE-805,CWE-805,False
CWE-805,2020,3,CWE-805,CWE-805,False
CWE-805,2021,2,CWE-805,CWE-805,False
CWE-805,2022,3,CWE-805,CWE-805,False
CWE-805,2023,3,CWE-805,CWE-805,False
CWE-805,2024,6,CWE-805,CWE-805,False
CWE-805,2025,17,CWE-805,CWE-805,False
CWE-807,2017,1,CWE-807,CWE-807,False
CWE-807,2020,1,CWE-807,CWE-807,False
CWE-807,2021,4,CWE-807,CWE-807,False
CWE-807,2022,2,CWE-807,CWE-807,False
CWE-807,2023,3,CWE-807,CWE-807,False
CWE-807,2024,14,CWE-807,CWE-807,False
CWE-807,2025,17,CWE-807,CWE-807,False
CWE-81,2019,1,CWE-81,CWE-81,False
CWE-81,2022,2,CWE-81,CWE-81,False
CWE-81,2024,3,CWE-81,CWE-81,False
CWE-81,2025,2,CWE-81,CWE-81,False
CWE-815,2022,2,CWE-815,CWE-815,False
CWE-82,2023,1,CWE-82,CWE-82,False
CWE-82,2024,5,CWE-82,CWE-82,False
CWE-82,2025,1,CWE-82,CWE-82,False
CWE-820,2022,1,CWE-820,CWE-820,False
CWE-820,2023,2,CWE-820,CWE-820,False
CWE-820,2024,2,CWE-820,CWE-820,False
CWE-820,2025,4,CWE-820,CWE-820,False
CWE-821,2022,1,CWE-821,CWE-821,False
CWE-821,2023,1,CWE-821,CWE-821,False
CWE-821,2024,8,CWE-821,CWE-821,False
CWE-822,2017,2,CWE-822,CWE-822,False
CWE-822,2018,7,CWE-822,CWE-822,False
CWE-822,2019,1,CWE-822,CWE-822,False
CWE-822,2020,10,CWE-822,CWE-822,False
CWE-822,2021,7,CWE-822,CWE-822,False
CWE-822,2022,9,CWE-822,CWE-822,False
CWE-822,2023,32,CWE-822,CWE-822,False
CWE-822,2024,44,CWE-822,CWE-822,False
CWE-822,2025,51,CWE-822,CWE-822,False
CWE-823,2016,1,CWE-823,CWE-823,False
CWE-823,2017,2,CWE-823,CWE-823,False
CWE-823,2020,4,CWE-823,CWE-823,False
CWE-823,2021,6,CWE-823,CWE-823,False
CWE-823,2022,14,CWE-823,CWE-823,False
CWE-823,2023,19,CWE-823,CWE-823,False
CWE-823,2024,31,CWE-823,CWE-823,False
CWE-823,2025,6,CWE-823,CWE-823,False
CWE-824,2003,1,CWE-824,CWE-824,False
CWE-824,2006,3,CWE-824,CWE-824,False
CWE-824,2007,5,CWE-824,CWE-824,False
CWE-824,2009,5,CWE-824,CWE-824,False
CWE-824,2010,1,CWE-824,CWE-824,False
CWE-824,2011,2,CWE-824,CWE-824,False
CWE-824,2014,1,CWE-824,CWE-824,False
CWE-824,2015,1,CWE-824,CWE-824,False
CWE-824,2016,3,CWE-824,CWE-824,False
CWE-824,2017,4,CWE-824,CWE-824,False
CWE-824,2018,20,CWE-824,CWE-824,False
CWE-824,2019,9,CWE-824,CWE-824,False
CWE-824,2020,19,CWE-824,CWE-824,False
CWE-824,2021,45,CWE-824,CWE-824,False
CWE-824,2022,46,CWE-824,CWE-824,False
CWE-824,2023,49,CWE-824,CWE-824,False
CWE-824,2024,19,CWE-824,CWE-824,False
CWE-824,2025,31,CWE-824,CWE-824,False
CWE-825,2019,1,CWE-825,CWE-825,False
CWE-825,2021,2,CWE-825,CWE-825,False
CWE-825,2023,8,CWE-825,CWE-825,False
CWE-825,2024,6,CWE-825,CWE-825,False
CWE-825,2025,9,CWE-825,CWE-825,False
CWE-826,2023,1,CWE-826,CWE-826,False
CWE-826,2024,2,CWE-826,CWE-826,False
CWE-826,2025,2,CWE-826,CWE-826,False
CWE-827,2024,1,CWE-827,CWE-827,False
CWE-827,2025,1,CWE-827,CWE-827,False
CWE-828,2024,2,CWE-828,CWE-828,False
CWE-829,2004,2,CWE-829,CWE-829,False
CWE-829,2010,1,CWE-829,CWE-829,False
CWE-829,2012,1,CWE-829,CWE-829,False
CWE-829,2013,3,CWE-829,CWE-829,False
CWE-829,2017,4,CWE-829,CWE-829,False
CWE-829,2018,9,CWE-829,CWE-829,False
CWE-829,2019,15,CWE-829,CWE-829,False
CWE-829,2020,14,CWE-829,CWE-829,False
CWE-829,2021,24,CWE-829,CWE-829,False
CWE-829,2022,25,CWE-829,CWE-829,False
CWE-829,2023,19,CWE-829,CWE-829,False
CWE-829,2024,26,CWE-829,CWE-829,False
CWE-829,2025,41,CWE-829,CWE-829,False
CWE-83,2020,1,CWE-83,CWE-83,False
CWE-83,2022,1,CWE-83,CWE-83,False
CWE-83,2023,3,CWE-83,CWE-83,False
CWE-83,2024,3,CWE-83,CWE-83,False
CWE-83,2025,7,CWE-83,CWE-83,False
CWE-830,2021,1,CWE-830,CWE-830,False
CWE-830,2023,1,CWE-830,CWE-830,False
CWE-830,2024,3,CWE-830,CWE-830,False
CWE-830,2025,7,CWE-830,CWE-830,False
CWE-832,2024,1,CWE-832,CWE-832,False
CWE-833,2021,1,CWE-833,CWE-833,False
CWE-833,2022,2,CWE-833,CWE-833,False
CWE-833,2023,4,CWE-833,CWE-833,False
CWE-833,2024,5,CWE-833,CWE-833,False
CWE-833,2025,7,CWE-833,CWE-833,False
CWE-834,2016,1,CWE-834,CWE-834,False
CWE-834,2017,29,CWE-834,CWE-834,False
CWE-834,2018,10,CWE-834,CWE-834,False
CWE-834,2019,8,CWE-834,CWE-834,False
CWE-834,2020,9,CWE-834,CWE-834,False
CWE-834,2021,16,CWE-834,CWE-834,False
CWE-834,2022,4,CWE-834,CWE-834,False
CWE-834,2023,11,CWE-834,CWE-834,False
CWE-834,2024,7,CWE-834,CWE-834,False
CWE-834,2025,5,CWE-834,CWE-834,False
CWE-835,2004,2,CWE-835,CWE-835,False
CWE-835,2005,2,CWE-835,CWE-835,False
CWE-835,2006,1,CWE-835,CWE-835,False
CWE-835,2009,2,CWE-835,CWE-835,False
CWE-835,2010,3,CWE-835,CWE-835,False
CWE-835,2011,5,CWE-835,CWE-835,False
CWE-835,2012,2,CWE-835,CWE-835,False
CWE-835,2013,4,CWE-835,CWE-835,False
CWE-835,2014,2,CWE-835,CWE-835,False
CWE-835,2015,12,CWE-835,CWE-835,False
CWE-835,2016,12,CWE-835,CWE-835,False
CWE-835,2017,118,CWE-835,CWE-835,False
CWE-835,2018,96,CWE-835,CWE-835,False
CWE-835,2019,53,CWE-835,CWE-835,False
CWE-835,2020,61,CWE-835,CWE-835,False
CWE-835,2021,86,CWE-835,CWE-835,False
CWE-835,2022,61,CWE-835,CWE-835,False
CWE-835,2023,66,CWE-835,CWE-835,False
CWE-835,2024,83,CWE-835,CWE-835,False
CWE-835,2025,51,CWE-835,CWE-835,False
CWE-836,2017,1,CWE-836,CWE-836,False
CWE-836,2021,1,CWE-836,CWE-836,False
CWE-836,2022,1,CWE-836,CWE-836,False
CWE-836,2023,5,CWE-836,CWE-836,False
CWE-836,2025,4,CWE-836,CWE-836,False
CWE-837,2023,4,CWE-837,CWE-837,False
CWE-837,2024,5,CWE-837,CWE-837,False
CWE-837,2025,5,CWE-837,CWE-837,False
CWE-838,2018,1,CWE-838,CWE-838,False
CWE-838,2019,2,CWE-838,CWE-838,False
CWE-838,2020,3,CWE-838,CWE-838,False
CWE-838,2023,3,CWE-838,CWE-838,False
CWE-838,2024,2,CWE-838,CWE-838,False
CWE-838,2025,1,CWE-838,CWE-838,False
CWE-839,2019,1,CWE-839,CWE-839,False
CWE-839,2023,2,CWE-839,CWE-839,False
CWE-84,2020,1,CWE-84,CWE-84,False
CWE-84,2021,1,CWE-84,CWE-84,False
CWE-84,2022,1,CWE-84,CWE-84,False
CWE-84,2023,2,CWE-84,CWE-84,False
CWE-84,2024,3,CWE-84,CWE-84,False
CWE-84,2025,10,CWE-84,CWE-84,False
CWE-840,2018,1,CWE-840,CWE-840,False
CWE-840,2019,3,CWE-840,CWE-840,False
CWE-840,2020,2,CWE-840,CWE-840,False
CWE-840,2021,8,CWE-840,CWE-840,False
CWE-840,2022,13,CWE-840,CWE-840,False
CWE-840,2023,13,CWE-840,CWE-840,False
CWE-840,2024,16,CWE-840,CWE-840,False
CWE-840,2025,13,CWE-840,CWE-840,False
CWE-841,2022,4,CWE-841,CWE-841,False
CWE-841,2023,4,CWE-841,CWE-841,False
CWE-841,2024,9,CWE-841,CWE-841,False
CWE-841,2025,17,CWE-841,CWE-841,False
CWE-842,2022,5,CWE-842,CWE-842,False
CWE-842,2023,1,CWE-842,CWE-842,False
CWE-842,2024,3,CWE-842,CWE-842,False
CWE-843,2010,3,CWE-843,CWE-843,False
CWE-843,2011,2,CWE-843,CWE-843,False
CWE-843,2012,3,CWE-843,CWE-843,False
CWE-843,2013,1,CWE-843,CWE-843,False
CWE-843,2014,2,CWE-843,CWE-843,False
CWE-843,2016,9,CWE-843,CWE-843,False
CWE-843,2017,28,CWE-843,CWE-843,False
CWE-843,2018,61,CWE-843,CWE-843,False
CWE-843,2019,74,CWE-843,CWE-843,False
CWE-843,2020,58,CWE-843,CWE-843,False
CWE-843,2021,80,CWE-843,CWE-843,False
CWE-843,2022,50,CWE-843,CWE-843,False
CWE-843,2023,99,CWE-843,CWE-843,False
CWE-843,2024,107,CWE-843,CWE-843,False
CWE-843,2025,103,CWE-843,CWE-843,False
CWE-85,2022,1,CWE-85,CWE-85,False
CWE-85,2024,1,CWE-85,CWE-85,False
CWE-86,2021,1,CWE-86,CWE-86,False
CWE-86,2023,2,CWE-86,CWE-86,False
CWE-86,2024,2,CWE-86,CWE-86,False
CWE-86,2025,3,CWE-86,CWE-86,False
CWE-862,2005,1,Missing Authorization,CWE-862 - Missing Authorization,True
CWE-862,2006,1,Missing Authorization,CWE-862 - Missing Authorization,True
CWE-862,2008,1,Missing Authorization,CWE-862 - Missing Authorization,True
CWE-862,2009,3,Missing Authorization,CWE-862 - Missing Authorization,True
CWE-862,2011,1,Missing Authorization,CWE-862 - Missing Authorization,True
CWE-862,2012,3,Missing Authorization,CWE-862 - Missing Authorization,True
CWE-862,2013,4,Missing Authorization,CWE-862 - Missing Authorization,True
CWE-862,2015,5,Missing Authorization,CWE-862 - Missing Authorization,True
CWE-862,2016,1,Missing Authorization,CWE-862 - Missing Authorization,True
CWE-862,2017,62,Missing Authorization,CWE-862 - Missing Authorization,True
CWE-862,2018,79,Missing Authorization,CWE-862 - Missing Authorization,True
CWE-862,2019,229,Missing Authorization,CWE-862 - Missing Authorization,True
CWE-862,2020,298,Missing Authorization,CWE-862 - Missing Authorization,True
CWE-862,2021,339,Missing Authorization,CWE-862 - Missing Authorization,True
CWE-862,2022,623,Missing Authorization,CWE-862 - Missing Authorization,True
CWE-862,2023,1226,Missing Authorization,CWE-862 - Missing Authorization,True
CWE-862,2024,1566,Missing Authorization,CWE-862 - Missing Authorization,True
CWE-862,2025,2040,Missing Authorization,CWE-862 - Missing Authorization,True
CWE-863,2001,1,Incorrect Authorization,CWE-863 - Incorrect Authorization,False
CWE-863,2005,1,Incorrect Authorization,CWE-863 - Incorrect Authorization,False
CWE-863,2006,1,Incorrect Authorization,CWE-863 - Incorrect Authorization,False
CWE-863,2007,2,Incorrect Authorization,CWE-863 - Incorrect Authorization,False
CWE-863,2008,5,Incorrect Authorization,CWE-863 - Incorrect Authorization,False
CWE-863,2009,3,Incorrect Authorization,CWE-863 - Incorrect Authorization,False
CWE-863,2010,6,Incorrect Authorization,CWE-863 - Incorrect Authorization,False
CWE-863,2011,5,Incorrect Authorization,CWE-863 - Incorrect Authorization,False
CWE-863,2012,5,Incorrect Authorization,CWE-863 - Incorrect Authorization,False
CWE-863,2013,12,Incorrect Authorization,CWE-863 - Incorrect Authorization,False
CWE-863,2014,4,Incorrect Authorization,CWE-863 - Incorrect Authorization,False
CWE-863,2015,3,Incorrect Authorization,CWE-863 - Incorrect Authorization,False
CWE-863,2016,13,Incorrect Authorization,CWE-863 - Incorrect Authorization,False
CWE-863,2017,66,Incorrect Authorization,CWE-863 - Incorrect Authorization,False
CWE-863,2018,104,Incorrect Authorization,CWE-863 - Incorrect Authorization,False
CWE-863,2019,101,Incorrect Authorization,CWE-863 - Incorrect Authorization,False
CWE-863,2020,212,Incorrect Authorization,CWE-863 - Incorrect Authorization,False
CWE-863,2021,300,Incorrect Authorization,CWE-863 - Incorrect Authorization,False
CWE-863,2022,286,Incorrect Authorization,CWE-863 - Incorrect Authorization,False
CWE-863,2023,414,Incorrect Authorization,CWE-863 - Incorrect Authorization,False
CWE-863,2024,440,Incorrect Authorization,CWE-863 - Incorrect Authorization,False
CWE-863,2025,438,Incorrect Authorization,CWE-863 - Incorrect Authorization,False
CWE-87,2020,1,CWE-87,CWE-87,False
CWE-87,2021,1,CWE-87,CWE-87,False
CWE-87,2022,3,CWE-87,CWE-87,False
CWE-87,2023,9,CWE-87,CWE-87,False
CWE-87,2024,10,CWE-87,CWE-87,False
CWE-87,2025,14,CWE-87,CWE-87,False
CWE-88,2001,3,CWE-88,CWE-88,False
CWE-88,2002,1,CWE-88,CWE-88,False
CWE-88,2003,1,CWE-88,CWE-88,False
CWE-88,2004,5,CWE-88,CWE-88,False
CWE-88,2005,1,CWE-88,CWE-88,False
CWE-88,2006,9,CWE-88,CWE-88,False
CWE-88,2007,1,CWE-88,CWE-88,False
CWE-88,2016,2,CWE-88,CWE-88,False
CWE-88,2017,3,CWE-88,CWE-88,False
CWE-88,2018,15,CWE-88,CWE-88,False
CWE-88,2019,38,CWE-88,CWE-88,False
CWE-88,2020,25,CWE-88,CWE-88,False
CWE-88,2021,29,CWE-88,CWE-88,False
CWE-88,2022,48,CWE-88,CWE-88,False
CWE-88,2023,20,CWE-88,CWE-88,False
CWE-88,2024,34,CWE-88,CWE-88,False
CWE-88,2025,47,CWE-88,CWE-88,False
CWE-882,2017,1,CWE-882,CWE-882,False
CWE-89,2002,7,SQL Injection,CWE-89 - SQL Injection,True
CWE-89,2003,15,SQL Injection,CWE-89 - SQL Injection,True
CWE-89,2004,10,SQL Injection,CWE-89 - SQL Injection,True
CWE-89,2005,52,SQL Injection,CWE-89 - SQL Injection,True
CWE-89,2006,107,SQL Injection,CWE-89 - SQL Injection,True
CWE-89,2007,271,SQL Injection,CWE-89 - SQL Injection,True
CWE-89,2008,1481,SQL Injection,CWE-89 - SQL Injection,True
CWE-89,2009,674,SQL Injection,CWE-89 - SQL Injection,True
CWE-89,2010,588,SQL Injection,CWE-89 - SQL Injection,True
CWE-89,2011,175,SQL Injection,CWE-89 - SQL Injection,True
CWE-89,2012,235,SQL Injection,CWE-89 - SQL Injection,True
CWE-89,2013,196,SQL Injection,CWE-89 - SQL Injection,True
CWE-89,2014,326,SQL Injection,CWE-89 - SQL Injection,True
CWE-89,2015,325,SQL Injection,CWE-89 - SQL Injection,True
CWE-89,2016,181,SQL Injection,CWE-89 - SQL Injection,True
CWE-89,2017,526,SQL Injection,CWE-89 - SQL Injection,True
CWE-89,2018,512,SQL Injection,CWE-89 - SQL Injection,True
CWE-89,2019,437,SQL Injection,CWE-89 - SQL Injection,True
CWE-89,2020,648,SQL Injection,CWE-89 - SQL Injection,True
CWE-89,2021,775,SQL Injection,CWE-89 - SQL Injection,True
CWE-89,2022,1657,SQL Injection,CWE-89 - SQL Injection,True
CWE-89,2023,1855,SQL Injection,CWE-89 - SQL Injection,True
CWE-89,2024,2804,SQL Injection,CWE-89 - SQL Injection,True
CWE-89,2025,3610,SQL Injection,CWE-89 - SQL Injection,True
CWE-895,2017,1,CWE-895,CWE-895,False
CWE-90,2011,1,CWE-90,CWE-90,False
CWE-90,2015,2,CWE-90,CWE-90,False
CWE-90,2016,3,CWE-90,CWE-90,False
CWE-90,2017,3,CWE-90,CWE-90,False
CWE-90,2018,1,CWE-90,CWE-90,False
CWE-90,2019,2,CWE-90,CWE-90,False
CWE-90,2020,2,CWE-90,CWE-90,False
CWE-90,2021,5,CWE-90,CWE-90,False
CWE-90,2022,2,CWE-90,CWE-90,False
CWE-90,2023,6,CWE-90,CWE-90,False
CWE-90,2024,4,CWE-90,CWE-90,False
CWE-90,2025,8,CWE-90,CWE-90,False
CWE-908,2007,1,CWE-908,CWE-908,False
CWE-908,2008,6,CWE-908,CWE-908,False
CWE-908,2009,4,CWE-908,CWE-908,False
CWE-908,2010,6,CWE-908,CWE-908,False
CWE-908,2011,12,CWE-908,CWE-908,False
CWE-908,2012,1,CWE-908,CWE-908,False
CWE-908,2015,3,CWE-908,CWE-908,False
CWE-908,2016,2,CWE-908,CWE-908,False
CWE-908,2017,5,CWE-908,CWE-908,False
CWE-908,2018,36,CWE-908,CWE-908,False
CWE-908,2019,75,CWE-908,CWE-908,False
CWE-908,2020,64,CWE-908,CWE-908,False
CWE-908,2021,88,CWE-908,CWE-908,False
CWE-908,2022,75,CWE-908,CWE-908,False
CWE-908,2023,65,CWE-908,CWE-908,False
CWE-908,2024,159,CWE-908,CWE-908,False
CWE-908,2025,98,CWE-908,CWE-908,False
CWE-909,2005,1,CWE-909,CWE-909,False
CWE-909,2009,1,CWE-909,CWE-909,False
CWE-909,2010,7,CWE-909,CWE-909,False
CWE-909,2011,1,CWE-909,CWE-909,False
CWE-909,2017,1,CWE-909,CWE-909,False
CWE-909,2018,6,CWE-909,CWE-909,False
CWE-909,2019,21,CWE-909,CWE-909,False
CWE-909,2020,16,CWE-909,CWE-909,False
CWE-909,2021,22,CWE-909,CWE-909,False
CWE-909,2022,8,CWE-909,CWE-909,False
CWE-909,2023,1,CWE-909,CWE-909,False
CWE-909,2024,10,CWE-909,CWE-909,False
CWE-909,2025,5,CWE-909,CWE-909,False
CWE-91,2008,1,CWE-91,CWE-91,False
CWE-91,2013,3,CWE-91,CWE-91,False
CWE-91,2014,1,CWE-91,CWE-91,False
CWE-91,2015,3,CWE-91,CWE-91,False
CWE-91,2016,3,CWE-91,CWE-91,False
CWE-91,2017,6,CWE-91,CWE-91,False
CWE-91,2018,7,CWE-91,CWE-91,False
CWE-91,2019,12,CWE-91,CWE-91,False
CWE-91,2020,9,CWE-91,CWE-91,False
CWE-91,2021,17,CWE-91,CWE-91,False
CWE-91,2022,14,CWE-91,CWE-91,False
CWE-91,2023,11,CWE-91,CWE-91,False
CWE-91,2024,13,CWE-91,CWE-91,False
CWE-91,2025,11,CWE-91,CWE-91,False
CWE-910,2020,1,CWE-910,CWE-910,False
CWE-911,2020,1,CWE-911,CWE-911,False
CWE-911,2021,1,CWE-911,CWE-911,False
CWE-911,2022,4,CWE-911,CWE-911,False
CWE-911,2023,3,CWE-911,CWE-911,False
CWE-911,2024,3,CWE-911,CWE-911,False
CWE-912,2010,1,CWE-912,CWE-912,False
CWE-912,2011,1,CWE-912,CWE-912,False
CWE-912,2017,3,CWE-912,CWE-912,False
CWE-912,2018,1,CWE-912,CWE-912,False
CWE-912,2020,5,CWE-912,CWE-912,False
CWE-912,2021,5,CWE-912,CWE-912,False
CWE-912,2022,8,CWE-912,CWE-912,False
CWE-912,2023,7,CWE-912,CWE-912,False
CWE-912,2024,16,CWE-912,CWE-912,False
CWE-912,2025,20,CWE-912,CWE-912,False
CWE-913,2006,1,CWE-913,CWE-913,False
CWE-913,2012,1,CWE-913,CWE-913,False
CWE-913,2014,1,CWE-913,CWE-913,False
CWE-913,2017,2,CWE-913,CWE-913,False
CWE-913,2018,1,CWE-913,CWE-913,False
CWE-913,2019,3,CWE-913,CWE-913,False
CWE-913,2020,6,CWE-913,CWE-913,False
CWE-913,2021,10,CWE-913,CWE-913,False
CWE-913,2022,12,CWE-913,CWE-913,False
CWE-913,2023,13,CWE-913,CWE-913,False
CWE-913,2024,6,CWE-913,CWE-913,False
CWE-913,2025,17,CWE-913,CWE-913,False
CWE-914,2023,1,CWE-914,CWE-914,False
CWE-914,2024,2,CWE-914,CWE-914,False
CWE-914,2025,2,CWE-914,CWE-914,False
CWE-915,2019,1,CWE-915,CWE-915,False
CWE-915,2020,1,CWE-915,CWE-915,False
CWE-915,2021,5,CWE-915,CWE-915,False
CWE-915,2022,6,CWE-915,CWE-915,False
CWE-915,2023,3,CWE-915,CWE-915,False
CWE-915,2024,8,CWE-915,CWE-915,False
CWE-915,2025,14,CWE-915,CWE-915,False
CWE-916,2001,1,CWE-916,CWE-916,False
CWE-916,2002,1,CWE-916,CWE-916,False
CWE-916,2005,1,CWE-916,CWE-916,False
CWE-916,2006,1,CWE-916,CWE-916,False
CWE-916,2008,1,CWE-916,CWE-916,False
CWE-916,2009,1,CWE-916,CWE-916,False
CWE-916,2010,1,CWE-916,CWE-916,False
CWE-916,2014,3,CWE-916,CWE-916,False
CWE-916,2017,3,CWE-916,CWE-916,False
CWE-916,2018,7,CWE-916,CWE-916,False
CWE-916,2019,12,CWE-916,CWE-916,False
CWE-916,2020,11,CWE-916,CWE-916,False
CWE-916,2021,16,CWE-916,CWE-916,False
CWE-916,2022,14,CWE-916,CWE-916,False
CWE-916,2023,11,CWE-916,CWE-916,False
CWE-916,2024,11,CWE-916,CWE-916,False
CWE-916,2025,12,CWE-916,CWE-916,False
CWE-917,2010,1,CWE-917,CWE-917,False
CWE-917,2018,3,CWE-917,CWE-917,False
CWE-917,2019,64,CWE-917,CWE-917,False
CWE-917,2020,68,CWE-917,CWE-917,False
CWE-917,2021,6,CWE-917,CWE-917,False
CWE-917,2022,13,CWE-917,CWE-917,False
CWE-917,2023,8,CWE-917,CWE-917,False
CWE-917,2024,7,CWE-917,CWE-917,False
CWE-917,2025,3,CWE-917,CWE-917,False
CWE-918,2002,1,SSRF,CWE-918 - SSRF,False
CWE-918,2004,1,SSRF,CWE-918 - SSRF,False
CWE-918,2007,1,SSRF,CWE-918 - SSRF,False
CWE-918,2010,1,SSRF,CWE-918 - SSRF,False
CWE-918,2012,1,SSRF,CWE-918 - SSRF,False
CWE-918,2013,1,SSRF,CWE-918 - SSRF,False
CWE-918,2014,2,SSRF,CWE-918 - SSRF,False
CWE-918,2015,2,SSRF,CWE-918 - SSRF,False
CWE-918,2016,15,SSRF,CWE-918 - SSRF,False
CWE-918,2017,54,SSRF,CWE-918 - SSRF,False
CWE-918,2018,84,SSRF,CWE-918 - SSRF,False
CWE-918,2019,84,SSRF,CWE-918 - SSRF,False
CWE-918,2020,157,SSRF,CWE-918 - SSRF,False
CWE-918,2021,179,SSRF,CWE-918 - SSRF,False
CWE-918,2022,213,SSRF,CWE-918 - SSRF,False
CWE-918,2023,245,SSRF,CWE-918 - SSRF,False
CWE-918,2024,413,SSRF,CWE-918 - SSRF,False
CWE-918,2025,468,SSRF,CWE-918 - SSRF,False
CWE-92,2022,6,CWE-92,CWE-92,False
CWE-92,2023,21,CWE-92,CWE-92,False
CWE-92,2024,7,CWE-92,CWE-92,False
CWE-920,2017,2,CWE-920,CWE-920,False
CWE-920,2020,1,CWE-920,CWE-920,False
CWE-920,2023,1,CWE-920,CWE-920,False
CWE-921,2021,1,CWE-921,CWE-921,False
CWE-921,2023,3,CWE-921,CWE-921,False
CWE-921,2024,2,CWE-921,CWE-921,False
CWE-921,2025,3,CWE-921,CWE-921,False
CWE-922,2017,7,CWE-922,CWE-922,False
CWE-922,2018,3,CWE-922,CWE-922,False
CWE-922,2019,21,CWE-922,CWE-922,False
CWE-922,2020,30,CWE-922,CWE-922,False
CWE-922,2021,24,CWE-922,CWE-922,False
CWE-922,2022,31,CWE-922,CWE-922,False
CWE-922,2023,52,CWE-922,CWE-922,False
CWE-922,2024,149,CWE-922,CWE-922,False
CWE-922,2025,41,CWE-922,CWE-922,False
CWE-923,2017,1,CWE-923,CWE-923,False
CWE-923,2018,1,CWE-923,CWE-923,False
CWE-923,2019,1,CWE-923,CWE-923,False
CWE-923,2021,3,CWE-923,CWE-923,False
CWE-923,2022,6,CWE-923,CWE-923,False
CWE-923,2023,5,CWE-923,CWE-923,False
CWE-923,2024,13,CWE-923,CWE-923,False
CWE-923,2025,13,CWE-923,CWE-923,False
CWE-924,2015,2,CWE-924,CWE-924,False
CWE-924,2018,2,CWE-924,CWE-924,False
CWE-924,2019,1,CWE-924,CWE-924,False
CWE-924,2020,3,CWE-924,CWE-924,False
CWE-924,2021,4,CWE-924,CWE-924,False
CWE-924,2022,1,CWE-924,CWE-924,False
CWE-924,2023,8,CWE-924,CWE-924,False
CWE-924,2024,7,CWE-924,CWE-924,False
CWE-924,2025,2,CWE-924,CWE-924,False
CWE-925,2023,1,CWE-925,CWE-925,False
CWE-925,2024,1,CWE-925,CWE-925,False
CWE-926,2021,9,CWE-926,CWE-926,False
CWE-926,2022,1,CWE-926,CWE-926,False
CWE-926,2023,12,CWE-926,CWE-926,False
CWE-926,2024,7,CWE-926,CWE-926,False
CWE-926,2025,46,CWE-926,CWE-926,False
CWE-927,2022,5,CWE-927,CWE-927,False
CWE-927,2023,10,CWE-927,CWE-927,False
CWE-927,2024,2,CWE-927,CWE-927,False
CWE-927,2025,1,CWE-927,CWE-927,False
CWE-93,2007,1,CWE-93,CWE-93,False
CWE-93,2014,3,CWE-93,CWE-93,False
CWE-93,2015,3,CWE-93,CWE-93,False
CWE-93,2016,6,CWE-93,CWE-93,False
CWE-93,2017,9,CWE-93,CWE-93,False
CWE-93,2018,5,CWE-93,CWE-93,False
CWE-93,2019,8,CWE-93,CWE-93,False
CWE-93,2020,4,CWE-93,CWE-93,False
CWE-93,2021,3,CWE-93,CWE-93,False
CWE-93,2022,5,CWE-93,CWE-93,False
CWE-93,2023,10,CWE-93,CWE-93,False
CWE-93,2024,15,CWE-93,CWE-93,False
CWE-93,2025,20,CWE-93,CWE-93,False
CWE-939,2020,1,CWE-939,CWE-939,False
CWE-939,2021,1,CWE-939,CWE-939,False
CWE-939,2022,1,CWE-939,CWE-939,False
CWE-939,2023,1,CWE-939,CWE-939,False
CWE-939,2024,6,CWE-939,CWE-939,False
CWE-939,2025,3,CWE-939,CWE-939,False
CWE-94,1999,3,Code Injection,CWE-94 - Code Injection,False
CWE-94,2000,1,Code Injection,CWE-94 - Code Injection,False
CWE-94,2001,2,Code Injection,CWE-94 - Code Injection,False
CWE-94,2002,12,Code Injection,CWE-94 - Code Injection,False
CWE-94,2003,16,Code Injection,CWE-94 - Code Injection,False
CWE-94,2004,6,Code Injection,CWE-94 - Code Injection,False
CWE-94,2005,28,Code Injection,CWE-94 - Code Injection,False
CWE-94,2006,203,Code Injection,CWE-94 - Code Injection,False
CWE-94,2007,303,Code Injection,CWE-94 - Code Injection,False
CWE-94,2008,383,Code Injection,CWE-94 - Code Injection,False
CWE-94,2009,261,Code Injection,CWE-94 - Code Injection,False
CWE-94,2010,241,Code Injection,CWE-94 - Code Injection,False
CWE-94,2011,111,Code Injection,CWE-94 - Code Injection,False
CWE-94,2012,132,Code Injection,CWE-94 - Code Injection,False
CWE-94,2013,167,Code Injection,CWE-94 - Code Injection,False
CWE-94,2014,161,Code Injection,CWE-94 - Code Injection,False
CWE-94,2015,62,Code Injection,CWE-94 - Code Injection,False
CWE-94,2016,42,Code Injection,CWE-94 - Code Injection,False
CWE-94,2017,92,Code Injection,CWE-94 - Code Injection,False
CWE-94,2018,156,Code Injection,CWE-94 - Code Injection,False
CWE-94,2019,128,Code Injection,CWE-94 - Code Injection,False
CWE-94,2020,116,Code Injection,CWE-94 - Code Injection,False
CWE-94,2021,199,Code Injection,CWE-94 - Code Injection,False
CWE-94,2022,220,Code Injection,CWE-94 - Code Injection,False
CWE-94,2023,459,Code Injection,CWE-94 - Code Injection,False
CWE-94,2024,852,Code Injection,CWE-94 - Code Injection,False
CWE-94,2025,1223,Code Injection,CWE-94 - Code Injection,False
CWE-940,2021,1,CWE-940,CWE-940,False
CWE-940,2022,2,CWE-940,CWE-940,False
CWE-940,2023,6,CWE-940,CWE-940,False
CWE-940,2024,15,CWE-940,CWE-940,False
CWE-940,2025,13,CWE-940,CWE-940,False
CWE-941,2019,1,CWE-941,CWE-941,False
CWE-941,2022,1,CWE-941,CWE-941,False
CWE-941,2023,1,CWE-941,CWE-941,False
CWE-941,2024,2,CWE-941,CWE-941,False
CWE-941,2025,2,CWE-941,CWE-941,False
CWE-942,2019,1,CWE-942,CWE-942,False
CWE-942,2020,1,CWE-942,CWE-942,False
CWE-942,2021,2,CWE-942,CWE-942,False
CWE-942,2022,4,CWE-942,CWE-942,False
CWE-942,2023,13,CWE-942,CWE-942,False
CWE-942,2024,14,CWE-942,CWE-942,False
CWE-942,2025,21,CWE-942,CWE-942,False
CWE-943,2017,1,CWE-943,CWE-943,False
CWE-943,2018,2,CWE-943,CWE-943,False
CWE-943,2020,2,CWE-943,CWE-943,False
CWE-943,2021,3,CWE-943,CWE-943,False
CWE-943,2022,1,CWE-943,CWE-943,False
CWE-943,2024,4,CWE-943,CWE-943,False
CWE-943,2025,5,CWE-943,CWE-943,False
CWE-95,2011,1,CWE-95,CWE-95,False
CWE-95,2013,2,CWE-95,CWE-95,False
CWE-95,2019,1,CWE-95,CWE-95,False
CWE-95,2020,3,CWE-95,CWE-95,False
CWE-95,2021,2,CWE-95,CWE-95,False
CWE-95,2022,6,CWE-95,CWE-95,False
CWE-95,2023,27,CWE-95,CWE-95,False
CWE-95,2024,31,CWE-95,CWE-95,False
CWE-95,2025,25,CWE-95,CWE-95,False
CWE-952,2019,1,CWE-952,CWE-952,False
CWE-96,2015,1,CWE-96,CWE-96,False
CWE-96,2020,2,CWE-96,CWE-96,False
CWE-96,2021,1,CWE-96,CWE-96,False
CWE-96,2022,3,CWE-96,CWE-96,False
CWE-96,2023,1,CWE-96,CWE-96,False
CWE-96,2024,11,CWE-96,CWE-96,False
CWE-96,2025,3,CWE-96,CWE-96,False
CWE-962,2025,1,CWE-962,CWE-962,False
CWE-97,2023,1,CWE-97,CWE-97,False
CWE-97,2024,3,CWE-97,CWE-97,False
CWE-97,2025,3,CWE-97,CWE-97,False
CWE-98,2012,1,CWE-98,CWE-98,False
CWE-98,2014,1,CWE-98,CWE-98,False
CWE-98,2015,2,CWE-98,CWE-98,False
CWE-98,2016,1,CWE-98,CWE-98,False
CWE-98,2017,1,CWE-98,CWE-98,False
CWE-98,2019,1,CWE-98,CWE-98,False
CWE-98,2020,2,CWE-98,CWE-98,False
CWE-98,2021,4,CWE-98,CWE-98,False
CWE-98,2022,6,CWE-98,CWE-98,False
CWE-98,2023,22,CWE-98,CWE-98,False
CWE-98,2024,116,CWE-98,CWE-98,False
CWE-98,2025,564,CWE-98,CWE-98,False
CWE-99,2016,1,CWE-99,CWE-99,False
CWE-99,2017,1,CWE-99,CWE-99,False
CWE-99,2019,2,CWE-99,CWE-99,False
CWE-99,2020,3,CWE-99,CWE-99,False
CWE-99,2021,2,CWE-99,CWE-99,False
CWE-99,2022,4,CWE-99,CWE-99,False
CWE-99,2023,6,CWE-99,CWE-99,False
CWE-99,2024,8,CWE-99,CWE-99,False
CWE-99,2025,18,CWE-99,CWE-99,False
